readout,metric,method,shortlist_size,domain_count,repeated_task_count,test_loss,oracle_loss,full_validation_test_loss,gap_to_full,absolute_omission,recall_at_top_q,worst_repeated_task_gap
logistic,brier_score,exhaustive,455,6,48,0.8641176131052969,0.8632587029736835,0.8641176131052969,0.0,0.0,1.0,0.0
logistic,brier_score,random,10,6,48,0.8836478457943091,0.8632587029736835,0.8641176131052967,0.01953023268901238,0.02007565401291452,0.023541666666666666,0.043921198130015146
logistic,brier_score,random,25,6,48,0.876177893627797,0.8632587029736835,0.8641176131052967,0.012060280522500291,0.012532955757244751,0.0546875,0.02581802023351342
logistic,brier_score,random,50,6,48,0.8718641202887779,0.8632587029736835,0.8641176131052967,0.007746507183481179,0.008169421920759258,0.1084375,0.021050069946819055
logistic,brier_score,random,100,6,48,0.8688281181609435,0.8632587029736835,0.8641176131052967,0.004710505055646869,0.005029529286174217,0.21666666666666667,0.01718164953460205
logistic,brier_score,random,227,6,48,0.8660295934406202,0.8632587029736835,0.8641176131052967,0.0019119803353234586,0.0020879802508660095,0.4896875,0.007443471778281063
logistic,brier_score,second_moment_mmd,10,6,48,0.8663335750193676,0.8632587029736835,0.8641176131052969,0.00221596191407084,0.002589352146647475,0.30624999999999997,0.01298187578421639
logistic,brier_score,second_moment_mmd,25,6,48,0.8651558783262906,0.8632587029736835,0.8641176131052969,0.001038265220993817,0.001109890924880878,0.5145833333333334,0.009850913607065581
logistic,brier_score,second_moment_mmd,50,6,48,0.864365468782961,0.8632587029736835,0.8641176131052969,0.0002478556776642886,0.0003132386391876338,0.7583333333333333,0.006036765064260874
logistic,brier_score,second_moment_mmd,100,6,48,0.8640731009424677,0.8632587029736835,0.8641176131052969,-4.4512162828816426e-05,4.4046238189020724e-05,0.9020833333333332,0.0
logistic,brier_score,second_moment_mmd,227,6,48,0.8641014034738523,0.8632587029736835,0.8641176131052969,-1.6209631444302763e-05,0.0,0.9895833333333334,0.0
logistic,brier_score,target_a,10,6,48,0.8680082047321411,0.8632587029736835,0.8641176131052969,0.0038905916268444155,0.004372807797634294,0.24583333333333332,0.015021259973553747
logistic,brier_score,target_a,25,6,48,0.8658514682151957,0.8632587029736835,0.8641176131052969,0.0017338551098988718,0.0021658536159549374,0.46249999999999997,0.01197736130287208
logistic,brier_score,target_a,50,6,48,0.8645111114255669,0.8632587029736835,0.8641176131052969,0.0003934983202702122,0.0003757768251094103,0.65625,0.0055594204017412885
logistic,brier_score,target_a,100,6,48,0.86425707317491,0.8632587029736835,0.8641176131052969,0.0001394600696131588,6.884308335769936e-05,0.8708333333333335,0.0029595604190171265
logistic,brier_score,target_a,227,6,48,0.8641014034738523,0.8632587029736835,0.8641176131052969,-1.6209631444302763e-05,0.0,0.9833333333333334,0.0
logistic,error_rate,exhaustive,455,6,48,0.6330769856770834,0.6259053548177084,0.6330769856770834,0.0,0.0,1.0,0.0
logistic,error_rate,random,10,6,48,0.6688415527343751,0.6259053548177084,0.6330769856770834,0.03576456705729166,0.04092814127604167,0.023124999999999996,0.0728759765625
logistic,error_rate,random,25,6,48,0.6556935628255207,0.6259053548177084,0.6330769856770834,0.022616577148437497,0.026598612467447918,0.05739583333333334,0.055078125
logistic,error_rate,random,50,6,48,0.6508377075195312,0.6259053548177084,0.6330769856770834,0.017760721842447917,0.01990814208984375,0.11072916666666667,0.0483642578125
logistic,error_rate,random,100,6,48,0.644629414876302,0.6259053548177084,0.6330769856770834,0.01155242919921875,0.013471476236979167,0.2147916666666667,0.0349365234375
logistic,error_rate,random,227,6,48,0.6381657918294271,0.6259053548177084,0.6330769856770834,0.005088806152343749,0.006143188476562499,0.4904166666666667,0.0215576171875
logistic,error_rate,second_moment_mmd,10,6,48,0.6454874674479166,0.6259053548177084,0.6330769856770834,0.012410481770833334,0.016123453776041668,0.18125,0.04443359375
logistic,error_rate,second_moment_mmd,25,6,48,0.636474609375,0.6259053548177084,0.6330769856770834,0.0033976236979166665,0.0069580078125,0.3812499999999999,0.03271484375
logistic,error_rate,second_moment_mmd,50,6,48,0.6344706217447916,0.6259053548177084,0.6330769856770834,0.0013936360677083333,0.003814697265625,0.6145833333333334,0.02197265625
logistic,error_rate,second_moment_mmd,100,6,48,0.6318257649739584,0.6259053548177084,0.6330769856770834,-0.001251220703125,0.000579833984375,0.8666666666666666,0.001953125
logistic,error_rate,second_moment_mmd,227,6,48,0.6329243977864584,0.6259053548177084,0.6330769856770834,-0.000152587890625,0.0,0.9791666666666666,0.0
logistic,error_rate,target_a,10,6,48,0.6419779459635416,0.6259053548177084,0.6330769856770834,0.008900960286458334,0.011881510416666666,0.19791666666666666,0.06689453125
logistic,error_rate,target_a,25,6,48,0.6345316569010416,0.6259053548177084,0.6330769856770834,0.0014546712239583333,0.0035400390625,0.4145833333333333,0.02099609375
logistic,error_rate,target_a,50,6,48,0.63330078125,0.6259053548177084,0.6330769856770834,0.00022379557291666666,0.0017191569010416667,0.6229166666666667,0.01953125
logistic,error_rate,target_a,100,6,48,0.6327107747395834,0.6259053548177084,0.6330769856770834,-0.0003662109375,0.0007731119791666666,0.8250000000000001,0.00927734375
logistic,error_rate,target_a,227,6,48,0.632843017578125,0.6259053548177084,0.6330769856770834,-0.00023396809895833334,0.0,0.9729166666666668,0.0
logistic,nll,exhaustive,455,6,48,3.412983666380182,3.4074871295253217,3.412983666380182,0.0,0.0,1.0,0.0
logistic,nll,random,10,6,48,3.5677495832653676,3.4074871295253217,3.4129836663801814,0.15476591688518607,0.15264606458449012,0.022604166666666665,0.26906322800017757
logistic,nll,random,25,6,48,3.5040300816663916,3.4074871295253217,3.4129836663801814,0.09104641528621053,0.09211936954385873,0.05364583333333334,0.17987906041578264
logistic,nll,random,50,6,48,3.47054008386308,3.4074871295253217,3.4129836663801814,0.0575564174828993,0.058549772583926636,0.1075,0.12885565940554877
logistic,nll,random,100,6,48,3.4442877811475223,3.4074871295253217,3.4129836663801814,0.031304114767340456,0.033457241779440865,0.211875,0.08925791507123612
logistic,nll,random,227,6,48,3.4232768955151687,3.4074871295253217,3.4129836663801814,0.010293229134987343,0.011895679261118041,0.48614583333333333,0.03567308144458416
logistic,nll,second_moment_mmd,10,6,48,3.442722486331674,3.4074871295253217,3.412983666380182,0.029738819951492395,0.029995201732992065,0.25,0.11943330144370545
logistic,nll,second_moment_mmd,25,6,48,3.423191554348799,3.4074871295253217,3.412983666380182,0.010207887968617204,0.010540704975667892,0.4645833333333333,0.11218576264093638
logistic,nll,second_moment_mmd,50,6,48,3.415027992729358,3.4074871295253217,3.412983666380182,0.0020443263491768484,0.003975520901699374,0.6979166666666666,0.05423844650762888
logistic,nll,second_moment_mmd,100,6,48,3.413040210126502,3.4074871295253217,3.412983666380182,5.654374632044212e-05,0.0,0.9104166666666665,0.002714099823381222
logistic,nll,second_moment_mmd,227,6,48,3.412983666380182,3.4074871295253217,3.412983666380182,0.0,0.0,0.9979166666666667,0.0
logistic,nll,target_a,10,6,48,3.4404349281166335,3.4074871295253217,3.412983666380182,0.027451261736451793,0.031387128615691366,0.22916666666666666,0.10628887708884527
logistic,nll,target_a,25,6,48,3.425853546552069,3.4074871295253217,3.412983666380182,0.012869880171887135,0.015560181172001383,0.47500000000000003,0.08161091436243506
logistic,nll,target_a,50,6,48,3.4180160881837964,3.4074871295253217,3.412983666380182,0.005032421803614684,0.006013446647572529,0.65625,0.08161091436243506
logistic,nll,target_a,100,6,48,3.415794508236177,3.4074871295253217,3.412983666380182,0.002810841855995357,0.002729499872104311,0.8354166666666668,0.03831903891382549
logistic,nll,target_a,227,6,48,3.412983666380182,3.4074871295253217,3.412983666380182,0.0,0.0,0.9854166666666666,0.0
ridge,brier_score,exhaustive,455,6,48,0.9866755198893399,0.9866656029824062,0.9866755198893399,0.0,0.0,1.0,0.0
ridge,brier_score,random,10,6,48,0.9869895812466739,0.9866656029824062,0.98667551988934,0.0003140613573340185,0.0003181662891676793,0.022291666666666664,0.0006828377050124235
ridge,brier_score,random,25,6,48,0.986872168371279,0.9866656029824062,0.98667551988934,0.00019664848193902973,0.00019769956167677024,0.05416666666666667,0.00040670534464314344
ridge,brier_score,random,50,6,48,0.986803670714394,0.9866656029824062,0.98667551988934,0.0001281508250539562,0.0001307893713877998,0.11072916666666667,0.00026387840488310555
ridge,brier_score,random,100,6,48,0.9867526760814279,0.9866656029824062,0.98667551988934,7.715619208798045e-05,7.777131501870658e-05,0.22343749999999998,0.00016509448273460125
ridge,brier_score,random,227,6,48,0.9867045304323275,0.9866656029824062,0.98667551988934,2.9010542987576348e-05,3.056702147148244e-05,0.5012499999999999,0.00010527865382440327
ridge,brier_score,second_moment_mmd,10,6,48,0.9867167332000641,0.9866656029824062,0.9866755198893399,4.12133107242571e-05,4.114605267775221e-05,0.30624999999999997,0.00030984610329776174
ridge,brier_score,second_moment_mmd,25,6,48,0.9866805252448575,0.9866656029824062,0.9866755198893399,5.005355517460434e-06,7.13847103560548e-06,0.5208333333333334,6.323757520076967e-05
ridge,brier_score,second_moment_mmd,50,6,48,0.9866780428356435,0.9866656029824062,0.9866755198893399,2.522946303658291e-06,1.3283420986845429e-06,0.7687499999999999,5.945443707666698e-05
ridge,brier_score,second_moment_mmd,100,6,48,0.9866755198893399,0.9866656029824062,0.9866755198893399,0.0,0.0,0.9270833333333334,0.0
ridge,brier_score,second_moment_mmd,227,6,48,0.9866755198893399,0.9866656029824062,0.9866755198893399,0.0,0.0,0.99375,0.0
ridge,brier_score,target_a,10,6,48,0.9867714877151563,0.9866656029824062,0.9866755198893399,9.596782581635284e-05,0.00010437746817296145,0.22291666666666665,0.00043049389290406026
ridge,brier_score,target_a,25,6,48,0.9867376279405562,0.9866656029824062,0.9866755198893399,6.210805121628638e-05,6.542750734373631e-05,0.4395833333333334,0.00043049389290406026
ridge,brier_score,target_a,50,6,48,0.9866975538655655,0.9866656029824062,0.9866755198893399,2.2033976225618868e-05,2.3326445462309997e-05,0.6270833333333332,0.00018861155084470838
ridge,brier_score,target_a,100,6,48,0.9866852206746524,0.9866656029824062,0.9866755198893399,9.700785312453017e-06,9.365348725036879e-06,0.8250000000000001,0.0001638817004661064
ridge,brier_score,target_a,227,6,48,0.9866755198893399,0.9866656029824062,0.9866755198893399,0.0,0.0,0.9833333333333334,0.0
ridge,error_rate,exhaustive,455,6,48,0.618194580078125,0.6124674479166666,0.618194580078125,0.0,0.0,1.0,0.0
ridge,error_rate,random,10,6,48,0.6520533243815104,0.6124674479166666,0.618194580078125,0.03385874430338542,0.036860148111979164,0.025729166666666668,0.0750244140625
ridge,error_rate,random,25,6,48,0.6398681640625,0.6124674479166666,0.618194580078125,0.021673583984374998,0.023664855957031248,0.0571875,0.04677734375
ridge,error_rate,random,50,6,48,0.6343093872070312,0.6124674479166666,0.618194580078125,0.016114807128906252,0.01739959716796875,0.10822916666666665,0.0378662109375
ridge,error_rate,random,100,6,48,0.6285919189453125,0.6124674479166666,0.618194580078125,0.0103973388671875,0.010974121093749999,0.21416666666666664,0.0298828125
ridge,error_rate,random,227,6,48,0.6230555216471355,0.6124674479166666,0.618194580078125,0.004860941569010417,0.005074055989583333,0.48625000000000007,0.0175537109375
ridge,error_rate,second_moment_mmd,10,6,48,0.6256917317708334,0.6124674479166666,0.618194580078125,0.007497151692708333,0.010386149088541666,0.2041666666666667,0.03759765625
ridge,error_rate,second_moment_mmd,25,6,48,0.6204020182291666,0.6124674479166666,0.618194580078125,0.0022074381510416665,0.004048665364583333,0.41041666666666665,0.0205078125
ridge,error_rate,second_moment_mmd,50,6,48,0.6207682291666666,0.6124674479166666,0.618194580078125,0.0025736490885416665,0.002655029296875,0.6145833333333334,0.0205078125
ridge,error_rate,second_moment_mmd,100,6,48,0.6180013020833334,0.6124674479166666,0.618194580078125,-0.00019327799479166666,0.0003560384114583333,0.8375,0.01611328125
ridge,error_rate,second_moment_mmd,227,6,48,0.618011474609375,0.6124674479166666,0.618194580078125,-0.00018310546875,0.00010172526041666667,0.975,0.0
ridge,error_rate,target_a,10,6,48,0.6244608561197916,0.6124674479166666,0.618194580078125,0.006266276041666667,0.009602864583333334,0.17500000000000002,0.05859375
ridge,error_rate,target_a,25,6,48,0.6199544270833334,0.6124674479166666,0.618194580078125,0.0017598470052083333,0.00396728515625,0.3604166666666666,0.02734375
ridge,error_rate,target_a,50,6,48,0.61895751953125,0.6124674479166666,0.618194580078125,0.000762939453125,0.001708984375,0.5458333333333333,0.02099609375
ridge,error_rate,target_a,100,6,48,0.6181233723958334,0.6124674479166666,0.618194580078125,-7.120768229166667e-05,0.0009256998697916666,0.7687499999999999,0.01611328125
ridge,error_rate,target_a,227,6,48,0.618011474609375,0.6124674479166666,0.618194580078125,-0.00018310546875,0.00017293294270833334,0.9625,0.0
ridge,nll,exhaustive,455,6,48,4.464166568889945,4.463850915497152,4.464166568889945,0.0,0.0,1.0,0.0
ridge,nll,random,10,6,48,4.476308380443918,4.463850915497152,4.464166568889945,0.012141811553971973,0.01225018584391005,0.02145833333333334,0.024675080187058773
ridge,nll,random,25,6,48,4.47180895831488,4.463850915497152,4.464166568889945,0.007642389424934942,0.00764960533199873,0.05364583333333334,0.014803592660711119
ridge,nll,random,50,6,48,4.469289100036582,4.463850915497152,4.464166568889945,0.005122531146636242,0.005152923925865417,0.11093750000000002,0.010401964229172344
ridge,nll,random,100,6,48,4.467353053613532,4.463850915497152,4.464166568889945,0.003186484723587268,0.0031395308016113252,0.2227083333333333,0.007713438204695278
ridge,nll,random,227,6,48,4.465601959417637,4.463850915497152,4.464166568889945,0.0014353905276911253,0.0013599166275709475,0.4986458333333334,0.0052223505365272425
ridge,nll,second_moment_mmd,10,6,48,4.465807757140181,4.463850915497152,4.464166568889945,0.0016411882502350335,0.001658260295008059,0.3041666666666667,0.008843928618390784
ridge,nll,second_moment_mmd,25,6,48,4.4644116978241,4.463850915497152,4.464166568889945,0.00024512893415383025,0.00029030419073507635,0.5229166666666666,0.002764313110480643
ridge,nll,second_moment_mmd,50,6,48,4.464295240210601,4.463850915497152,4.464166568889945,0.00012867132065580433,8.672961728482347e-05,0.775,0.0028140086843428946
ridge,nll,second_moment_mmd,100,6,48,4.464166568889945,4.463850915497152,4.464166568889945,0.0,0.0,0.9270833333333335,0.0
ridge,nll,second_moment_mmd,227,6,48,4.464166568889945,4.463850915497152,4.464166568889945,0.0,0.0,0.99375,0.0
ridge,nll,target_a,10,6,48,4.468083897713153,4.463850915497152,4.464166568889945,0.0039173288232078884,0.004123843737654657,0.2125,0.015550229852089537
ridge,nll,target_a,25,6,48,4.4666694049070665,4.463850915497152,4.464166568889945,0.002502836017121368,0.002603869234397982,0.4354166666666666,0.015550229852089537
ridge,nll,target_a,50,6,48,4.465060910762269,4.463850915497152,4.464166568889945,0.0008943418723245111,0.0008270574852958235,0.625,0.006838896804233663
ridge,nll,target_a,100,6,48,4.464599833095385,4.463850915497152,4.464166568889945,0.0004332642054399131,0.00036697178497994515,0.8229166666666666,0.006725176994282656
ridge,nll,target_a,227,6,48,4.464166568889945,4.463850915497152,4.464166568889945,0.0,0.0,0.9854166666666666,0.0
