readout,metric,method,shortlist_size,absolute_gap_threshold,failure_rate,worst_domain_failure_rate,domain_count
logistic,brier_score,exhaustive,455,0.001,0.0,0.0,6
logistic,brier_score,exhaustive,455,0.005,0.0,0.0,6
logistic,brier_score,exhaustive,455,0.01,0.0,0.0,6
logistic,brier_score,random,10,0.001,0.9302083333333334,0.98125,6
logistic,brier_score,random,10,0.005,0.7739583333333333,0.95,6
logistic,brier_score,random,10,0.01,0.6291666666666667,0.95,6
logistic,brier_score,random,25,0.001,0.86875,0.925,6
logistic,brier_score,random,25,0.005,0.6552083333333333,0.925,6
logistic,brier_score,random,25,0.01,0.47604166666666664,0.89375,6
logistic,brier_score,random,50,0.001,0.7666666666666666,0.85,6
logistic,brier_score,random,50,0.005,0.49895833333333334,0.85,6
logistic,brier_score,random,50,0.01,0.325,0.76875,6
logistic,brier_score,random,100,0.001,0.6166666666666667,0.8,6
logistic,brier_score,random,100,0.005,0.325,0.7875000000000001,6
logistic,brier_score,random,100,0.01,0.18958333333333333,0.6749999999999999,6
logistic,brier_score,random,227,0.001,0.3489583333333333,0.575,6
logistic,brier_score,random,227,0.005,0.1552083333333333,0.54375,6
logistic,brier_score,random,227,0.01,0.05833333333333333,0.28125,6
logistic,brier_score,second_moment_mmd,10,0.001,0.375,0.875,6
logistic,brier_score,second_moment_mmd,10,0.005,0.22916666666666666,0.75,6
logistic,brier_score,second_moment_mmd,10,0.01,0.08333333333333333,0.375,6
logistic,brier_score,second_moment_mmd,25,0.001,0.22916666666666666,0.75,6
logistic,brier_score,second_moment_mmd,25,0.005,0.10416666666666667,0.375,6
logistic,brier_score,second_moment_mmd,25,0.01,0.0,0.0,6
logistic,brier_score,second_moment_mmd,50,0.001,0.0625,0.375,6
logistic,brier_score,second_moment_mmd,50,0.005,0.020833333333333332,0.125,6
logistic,brier_score,second_moment_mmd,50,0.01,0.0,0.0,6
logistic,brier_score,second_moment_mmd,100,0.001,0.0,0.0,6
logistic,brier_score,second_moment_mmd,100,0.005,0.0,0.0,6
logistic,brier_score,second_moment_mmd,100,0.01,0.0,0.0,6
logistic,brier_score,second_moment_mmd,227,0.001,0.0,0.0,6
logistic,brier_score,second_moment_mmd,227,0.005,0.0,0.0,6
logistic,brier_score,second_moment_mmd,227,0.01,0.0,0.0,6
logistic,brier_score,target_a,10,0.001,0.5833333333333334,1.0,6
logistic,brier_score,target_a,10,0.005,0.3541666666666667,0.75,6
logistic,brier_score,target_a,10,0.01,0.125,0.375,6
logistic,brier_score,target_a,25,0.001,0.3333333333333333,0.75,6
logistic,brier_score,target_a,25,0.005,0.14583333333333334,0.25,6
logistic,brier_score,target_a,25,0.01,0.020833333333333332,0.125,6
logistic,brier_score,target_a,50,0.001,0.14583333333333334,0.5,6
logistic,brier_score,target_a,50,0.005,0.020833333333333332,0.125,6
logistic,brier_score,target_a,50,0.01,0.0,0.0,6
logistic,brier_score,target_a,100,0.001,0.0625,0.25,6
logistic,brier_score,target_a,100,0.005,0.0,0.0,6
logistic,brier_score,target_a,100,0.01,0.0,0.0,6
logistic,brier_score,target_a,227,0.001,0.0,0.0,6
logistic,brier_score,target_a,227,0.005,0.0,0.0,6
logistic,brier_score,target_a,227,0.01,0.0,0.0,6
logistic,error_rate,exhaustive,455,0.005,0.0,0.0,6
logistic,error_rate,exhaustive,455,0.01,0.0,0.0,6
logistic,error_rate,exhaustive,455,0.02,0.0,0.0,6
logistic,error_rate,random,10,0.005,0.8229166666666666,0.9375,6
logistic,error_rate,random,10,0.01,0.7531249999999999,0.9125,6
logistic,error_rate,random,10,0.02,0.6145833333333334,0.88125,6
logistic,error_rate,random,25,0.005,0.7239583333333334,0.8812500000000001,6
logistic,error_rate,random,25,0.01,0.6510416666666666,0.85625,6
logistic,error_rate,random,25,0.02,0.47708333333333336,0.8,6
logistic,error_rate,random,50,0.005,0.646875,0.8374999999999999,6
logistic,error_rate,random,50,0.01,0.5770833333333333,0.80625,6
logistic,error_rate,random,50,0.02,0.39687500000000003,0.71875,6
logistic,error_rate,random,100,0.005,0.5260416666666666,0.71875,6
logistic,error_rate,random,100,0.01,0.4739583333333333,0.68125,6
logistic,error_rate,random,100,0.02,0.28958333333333336,0.59375,6
logistic,error_rate,random,227,0.005,0.29479166666666673,0.43125,6
logistic,error_rate,random,227,0.01,0.2739583333333333,0.40625,6
logistic,error_rate,random,227,0.02,0.14270833333333335,0.30625,6
logistic,error_rate,second_moment_mmd,10,0.005,0.5416666666666666,0.875,6
logistic,error_rate,second_moment_mmd,10,0.01,0.4791666666666667,0.875,6
logistic,error_rate,second_moment_mmd,10,0.02,0.3541666666666667,0.875,6
logistic,error_rate,second_moment_mmd,25,0.005,0.3125,0.75,6
logistic,error_rate,second_moment_mmd,25,0.01,0.2708333333333333,0.625,6
logistic,error_rate,second_moment_mmd,25,0.02,0.125,0.375,6
logistic,error_rate,second_moment_mmd,50,0.005,0.20833333333333334,0.5,6
logistic,error_rate,second_moment_mmd,50,0.01,0.20833333333333334,0.5,6
logistic,error_rate,second_moment_mmd,50,0.02,0.041666666666666664,0.125,6
logistic,error_rate,second_moment_mmd,100,0.005,0.0,0.0,6
logistic,error_rate,second_moment_mmd,100,0.01,0.0,0.0,6
logistic,error_rate,second_moment_mmd,100,0.02,0.0,0.0,6
logistic,error_rate,second_moment_mmd,227,0.005,0.0,0.0,6
logistic,error_rate,second_moment_mmd,227,0.01,0.0,0.0,6
logistic,error_rate,second_moment_mmd,227,0.02,0.0,0.0,6
logistic,error_rate,target_a,10,0.005,0.4375,0.625,6
logistic,error_rate,target_a,10,0.01,0.4166666666666667,0.625,6
logistic,error_rate,target_a,10,0.02,0.20833333333333334,0.5,6
logistic,error_rate,target_a,25,0.005,0.1875,0.375,6
logistic,error_rate,target_a,25,0.01,0.16666666666666666,0.375,6
logistic,error_rate,target_a,25,0.02,0.041666666666666664,0.125,6
logistic,error_rate,target_a,50,0.005,0.08333333333333333,0.25,6
logistic,error_rate,target_a,50,0.01,0.0625,0.25,6
logistic,error_rate,target_a,50,0.02,0.0,0.0,6
logistic,error_rate,target_a,100,0.005,0.020833333333333332,0.125,6
logistic,error_rate,target_a,100,0.01,0.0,0.0,6
logistic,error_rate,target_a,100,0.02,0.0,0.0,6
logistic,error_rate,target_a,227,0.005,0.0,0.0,6
logistic,error_rate,target_a,227,0.01,0.0,0.0,6
logistic,error_rate,target_a,227,0.02,0.0,0.0,6
logistic,nll,exhaustive,455,0.01,0.0,0.0,6
logistic,nll,exhaustive,455,0.05,0.0,0.0,6
logistic,nll,exhaustive,455,0.1,0.0,0.0,6
logistic,nll,random,10,0.01,0.9302083333333333,0.975,6
logistic,nll,random,10,0.05,0.8093749999999998,0.94375,6
logistic,nll,random,10,0.1,0.5937499999999999,0.90625,6
logistic,nll,random,25,0.01,0.8718750000000001,0.975,6
logistic,nll,random,25,0.05,0.6281249999999999,0.8375,6
logistic,nll,random,25,0.1,0.3510416666666667,0.6437499999999999,6
logistic,nll,random,50,0.01,0.7718750000000001,0.85,6
logistic,nll,random,50,0.05,0.421875,0.7124999999999999,6
logistic,nll,random,50,0.1,0.21145833333333333,0.4375,6
logistic,nll,random,100,0.01,0.6427083333333333,0.7625,6
logistic,nll,random,100,0.05,0.234375,0.5,6
logistic,nll,random,100,0.1,0.08124999999999999,0.25,6
logistic,nll,random,227,0.01,0.325,0.4,6
logistic,nll,random,227,0.05,0.052083333333333336,0.14375000000000002,6
logistic,nll,random,227,0.1,0.012500000000000002,0.05,6
logistic,nll,second_moment_mmd,10,0.01,0.6458333333333334,1.0,6
logistic,nll,second_moment_mmd,10,0.05,0.22916666666666666,0.625,6
logistic,nll,second_moment_mmd,10,0.1,0.0625,0.25,6
logistic,nll,second_moment_mmd,25,0.01,0.3333333333333333,0.875,6
logistic,nll,second_moment_mmd,25,0.05,0.020833333333333332,0.125,6
logistic,nll,second_moment_mmd,25,0.1,0.020833333333333332,0.125,6
logistic,nll,second_moment_mmd,50,0.01,0.08333333333333333,0.125,6
logistic,nll,second_moment_mmd,50,0.05,0.020833333333333332,0.125,6
logistic,nll,second_moment_mmd,50,0.1,0.0,0.0,6
logistic,nll,second_moment_mmd,100,0.01,0.0,0.0,6
logistic,nll,second_moment_mmd,100,0.05,0.0,0.0,6
logistic,nll,second_moment_mmd,100,0.1,0.0,0.0,6
logistic,nll,second_moment_mmd,227,0.01,0.0,0.0,6
logistic,nll,second_moment_mmd,227,0.05,0.0,0.0,6
logistic,nll,second_moment_mmd,227,0.1,0.0,0.0,6
logistic,nll,target_a,10,0.01,0.5416666666666666,1.0,6
logistic,nll,target_a,10,0.05,0.20833333333333334,0.5,6
logistic,nll,target_a,10,0.1,0.041666666666666664,0.25,6
logistic,nll,target_a,25,0.01,0.3541666666666667,1.0,6
logistic,nll,target_a,25,0.05,0.0625,0.25,6
logistic,nll,target_a,25,0.1,0.0,0.0,6
logistic,nll,target_a,50,0.01,0.22916666666666666,0.875,6
logistic,nll,target_a,50,0.05,0.020833333333333332,0.125,6
logistic,nll,target_a,50,0.1,0.0,0.0,6
logistic,nll,target_a,100,0.01,0.10416666666666667,0.625,6
logistic,nll,target_a,100,0.05,0.0,0.0,6
logistic,nll,target_a,100,0.1,0.0,0.0,6
logistic,nll,target_a,227,0.01,0.0,0.0,6
logistic,nll,target_a,227,0.05,0.0,0.0,6
logistic,nll,target_a,227,0.1,0.0,0.0,6
ridge,brier_score,exhaustive,455,0.001,0.0,0.0,6
ridge,brier_score,exhaustive,455,0.005,0.0,0.0,6
ridge,brier_score,exhaustive,455,0.01,0.0,0.0,6
ridge,brier_score,random,10,0.001,0.027083333333333334,0.15625,6
ridge,brier_score,random,10,0.005,0.0,0.0,6
ridge,brier_score,random,10,0.01,0.0,0.0,6
ridge,brier_score,random,25,0.001,0.0,0.0,6
ridge,brier_score,random,25,0.005,0.0,0.0,6
ridge,brier_score,random,25,0.01,0.0,0.0,6
ridge,brier_score,random,50,0.001,0.0,0.0,6
ridge,brier_score,random,50,0.005,0.0,0.0,6
ridge,brier_score,random,50,0.01,0.0,0.0,6
ridge,brier_score,random,100,0.001,0.0,0.0,6
ridge,brier_score,random,100,0.005,0.0,0.0,6
ridge,brier_score,random,100,0.01,0.0,0.0,6
ridge,brier_score,random,227,0.001,0.0,0.0,6
ridge,brier_score,random,227,0.005,0.0,0.0,6
ridge,brier_score,random,227,0.01,0.0,0.0,6
ridge,brier_score,second_moment_mmd,10,0.001,0.0,0.0,6
ridge,brier_score,second_moment_mmd,10,0.005,0.0,0.0,6
ridge,brier_score,second_moment_mmd,10,0.01,0.0,0.0,6
ridge,brier_score,second_moment_mmd,25,0.001,0.0,0.0,6
ridge,brier_score,second_moment_mmd,25,0.005,0.0,0.0,6
ridge,brier_score,second_moment_mmd,25,0.01,0.0,0.0,6
ridge,brier_score,second_moment_mmd,50,0.001,0.0,0.0,6
ridge,brier_score,second_moment_mmd,50,0.005,0.0,0.0,6
ridge,brier_score,second_moment_mmd,50,0.01,0.0,0.0,6
ridge,brier_score,second_moment_mmd,100,0.001,0.0,0.0,6
ridge,brier_score,second_moment_mmd,100,0.005,0.0,0.0,6
ridge,brier_score,second_moment_mmd,100,0.01,0.0,0.0,6
ridge,brier_score,second_moment_mmd,227,0.001,0.0,0.0,6
ridge,brier_score,second_moment_mmd,227,0.005,0.0,0.0,6
ridge,brier_score,second_moment_mmd,227,0.01,0.0,0.0,6
ridge,brier_score,target_a,10,0.001,0.0,0.0,6
ridge,brier_score,target_a,10,0.005,0.0,0.0,6
ridge,brier_score,target_a,10,0.01,0.0,0.0,6
ridge,brier_score,target_a,25,0.001,0.0,0.0,6
ridge,brier_score,target_a,25,0.005,0.0,0.0,6
ridge,brier_score,target_a,25,0.01,0.0,0.0,6
ridge,brier_score,target_a,50,0.001,0.0,0.0,6
ridge,brier_score,target_a,50,0.005,0.0,0.0,6
ridge,brier_score,target_a,50,0.01,0.0,0.0,6
ridge,brier_score,target_a,100,0.001,0.0,0.0,6
ridge,brier_score,target_a,100,0.005,0.0,0.0,6
ridge,brier_score,target_a,100,0.01,0.0,0.0,6
ridge,brier_score,target_a,227,0.001,0.0,0.0,6
ridge,brier_score,target_a,227,0.005,0.0,0.0,6
ridge,brier_score,target_a,227,0.01,0.0,0.0,6
ridge,error_rate,exhaustive,455,0.005,0.0,0.0,6
ridge,error_rate,exhaustive,455,0.01,0.0,0.0,6
ridge,error_rate,exhaustive,455,0.02,0.0,0.0,6
ridge,error_rate,random,10,0.005,0.828125,0.95,6
ridge,error_rate,random,10,0.01,0.7687499999999999,0.94375,6
ridge,error_rate,random,10,0.02,0.6291666666666665,0.8624999999999999,6
ridge,error_rate,random,25,0.005,0.7416666666666667,0.9125,6
ridge,error_rate,random,25,0.01,0.6666666666666666,0.90625,6
ridge,error_rate,random,25,0.02,0.4916666666666667,0.78125,6
ridge,error_rate,random,50,0.005,0.6552083333333333,0.825,6
ridge,error_rate,random,50,0.01,0.5697916666666667,0.7875000000000001,6
ridge,error_rate,random,50,0.02,0.38749999999999996,0.6375000000000001,6
ridge,error_rate,random,100,0.005,0.5260416666666666,0.7,6
ridge,error_rate,random,100,0.01,0.43333333333333335,0.7,6
ridge,error_rate,random,100,0.02,0.26666666666666666,0.53125,6
ridge,error_rate,random,227,0.005,0.30208333333333337,0.5,6
ridge,error_rate,random,227,0.01,0.24375000000000002,0.5,6
ridge,error_rate,random,227,0.02,0.10833333333333334,0.3125,6
ridge,error_rate,second_moment_mmd,10,0.005,0.5,1.0,6
ridge,error_rate,second_moment_mmd,10,0.01,0.4375,1.0,6
ridge,error_rate,second_moment_mmd,10,0.02,0.1875,0.375,6
ridge,error_rate,second_moment_mmd,25,0.005,0.2916666666666667,0.75,6
ridge,error_rate,second_moment_mmd,25,0.01,0.25,0.5,6
ridge,error_rate,second_moment_mmd,25,0.02,0.020833333333333332,0.125,6
ridge,error_rate,second_moment_mmd,50,0.005,0.22916666666666666,0.625,6
ridge,error_rate,second_moment_mmd,50,0.01,0.20833333333333334,0.5,6
ridge,error_rate,second_moment_mmd,50,0.02,0.020833333333333332,0.125,6
ridge,error_rate,second_moment_mmd,100,0.005,0.020833333333333332,0.125,6
ridge,error_rate,second_moment_mmd,100,0.01,0.020833333333333332,0.125,6
ridge,error_rate,second_moment_mmd,100,0.02,0.0,0.0,6
ridge,error_rate,second_moment_mmd,227,0.005,0.0,0.0,6
ridge,error_rate,second_moment_mmd,227,0.01,0.0,0.0,6
ridge,error_rate,second_moment_mmd,227,0.02,0.0,0.0,6
ridge,error_rate,target_a,10,0.005,0.4375,0.75,6
ridge,error_rate,target_a,10,0.01,0.3333333333333333,0.5,6
ridge,error_rate,target_a,10,0.02,0.16666666666666666,0.375,6
ridge,error_rate,target_a,25,0.005,0.22916666666666666,0.5,6
ridge,error_rate,target_a,25,0.01,0.1875,0.375,6
ridge,error_rate,target_a,25,0.02,0.041666666666666664,0.125,6
ridge,error_rate,target_a,50,0.005,0.125,0.25,6
ridge,error_rate,target_a,50,0.01,0.125,0.25,6
ridge,error_rate,target_a,50,0.02,0.020833333333333332,0.125,6
ridge,error_rate,target_a,100,0.005,0.041666666666666664,0.125,6
ridge,error_rate,target_a,100,0.01,0.041666666666666664,0.125,6
ridge,error_rate,target_a,100,0.02,0.0,0.0,6
ridge,error_rate,target_a,227,0.005,0.0,0.0,6
ridge,error_rate,target_a,227,0.01,0.0,0.0,6
ridge,error_rate,target_a,227,0.02,0.0,0.0,6
ridge,nll,exhaustive,455,0.01,0.0,0.0,6
ridge,nll,exhaustive,455,0.05,0.0,0.0,6
ridge,nll,exhaustive,455,0.1,0.0,0.0,6
ridge,nll,random,10,0.01,0.48541666666666666,0.76875,6
ridge,nll,random,10,0.05,0.007291666666666668,0.043750000000000004,6
ridge,nll,random,10,0.1,0.0,0.0,6
ridge,nll,random,25,0.01,0.2947916666666666,0.46249999999999997,6
ridge,nll,random,25,0.05,0.0,0.0,6
ridge,nll,random,25,0.1,0.0,0.0,6
ridge,nll,random,50,0.01,0.14895833333333333,0.28125,6
ridge,nll,random,50,0.05,0.0,0.0,6
ridge,nll,random,50,0.1,0.0,0.0,6
ridge,nll,random,100,0.01,0.04479166666666667,0.125,6
ridge,nll,random,100,0.05,0.0,0.0,6
ridge,nll,random,100,0.1,0.0,0.0,6
ridge,nll,random,227,0.01,0.005208333333333333,0.025,6
ridge,nll,random,227,0.05,0.0,0.0,6
ridge,nll,random,227,0.1,0.0,0.0,6
ridge,nll,second_moment_mmd,10,0.01,0.0,0.0,6
ridge,nll,second_moment_mmd,10,0.05,0.0,0.0,6
ridge,nll,second_moment_mmd,10,0.1,0.0,0.0,6
ridge,nll,second_moment_mmd,25,0.01,0.0,0.0,6
ridge,nll,second_moment_mmd,25,0.05,0.0,0.0,6
ridge,nll,second_moment_mmd,25,0.1,0.0,0.0,6
ridge,nll,second_moment_mmd,50,0.01,0.0,0.0,6
ridge,nll,second_moment_mmd,50,0.05,0.0,0.0,6
ridge,nll,second_moment_mmd,50,0.1,0.0,0.0,6
ridge,nll,second_moment_mmd,100,0.01,0.0,0.0,6
ridge,nll,second_moment_mmd,100,0.05,0.0,0.0,6
ridge,nll,second_moment_mmd,100,0.1,0.0,0.0,6
ridge,nll,second_moment_mmd,227,0.01,0.0,0.0,6
ridge,nll,second_moment_mmd,227,0.05,0.0,0.0,6
ridge,nll,second_moment_mmd,227,0.1,0.0,0.0,6
ridge,nll,target_a,10,0.01,0.0625,0.25,6
ridge,nll,target_a,10,0.05,0.0,0.0,6
ridge,nll,target_a,10,0.1,0.0,0.0,6
ridge,nll,target_a,25,0.01,0.0625,0.25,6
ridge,nll,target_a,25,0.05,0.0,0.0,6
ridge,nll,target_a,25,0.1,0.0,0.0,6
ridge,nll,target_a,50,0.01,0.0,0.0,6
ridge,nll,target_a,50,0.05,0.0,0.0,6
ridge,nll,target_a,50,0.1,0.0,0.0,6
ridge,nll,target_a,100,0.01,0.0,0.0,6
ridge,nll,target_a,100,0.05,0.0,0.0,6
ridge,nll,target_a,100,0.1,0.0,0.0,6
ridge,nll,target_a,227,0.01,0.0,0.0,6
ridge,nll,target_a,227,0.05,0.0,0.0,6
ridge,nll,target_a,227,0.1,0.0,0.0,6
