readout,metric,method,shortlist_size,comparator,comparator_budget,target_domain,paired_loss_difference
logistic,brier_score,second_moment_mmd,10,exhaustive,455,clipart,0.007578104888130821
logistic,brier_score,second_moment_mmd,10,exhaustive,455,infograph,0.004293054643477373
logistic,brier_score,second_moment_mmd,10,exhaustive,455,painting,0.0005141971687414731
logistic,brier_score,second_moment_mmd,10,exhaustive,455,quickdraw,0.0009463230282041324
logistic,brier_score,second_moment_mmd,10,exhaustive,455,real,0.0
logistic,brier_score,second_moment_mmd,10,exhaustive,455,sketch,-3.5908244128760036e-05
logistic,brier_score,second_moment_mmd,10,random,10,clipart,-0.01660812838282376
logistic,brier_score,second_moment_mmd,10,random,10,infograph,-0.006904934116655728
logistic,brier_score,second_moment_mmd,10,random,10,painting,-0.029846571461313948
logistic,brier_score,second_moment_mmd,10,random,10,quickdraw,-0.0023892475826326753
logistic,brier_score,second_moment_mmd,10,random,10,real,-0.03367501898950946
logistic,brier_score,second_moment_mmd,10,random,10,sketch,-0.014461724116713634
logistic,brier_score,second_moment_mmd,10,random,227,clipart,0.005742993660083212
logistic,brier_score,second_moment_mmd,10,random,227,infograph,0.0035255017084487167
logistic,brier_score,second_moment_mmd,10,random,227,painting,-0.0012022942971518652
logistic,brier_score,second_moment_mmd,10,random,227,quickdraw,0.00015881947309068223
logistic,brier_score,second_moment_mmd,10,random,227,real,-0.006309427342752
logistic,brier_score,second_moment_mmd,10,random,227,sketch,-9.170372923444914e-05
logistic,brier_score,second_moment_mmd,25,exhaustive,455,clipart,0.0021124965457938044
logistic,brier_score,second_moment_mmd,25,exhaustive,455,infograph,0.0040502145661649586
logistic,brier_score,second_moment_mmd,25,exhaustive,455,painting,0.0
logistic,brier_score,second_moment_mmd,25,exhaustive,455,quickdraw,0.00032601471735360654
logistic,brier_score,second_moment_mmd,25,exhaustive,455,real,0.0
logistic,brier_score,second_moment_mmd,25,exhaustive,455,sketch,-0.0002591345033494674
logistic,brier_score,second_moment_mmd,25,random,25,clipart,-0.014615629518705639
logistic,brier_score,second_moment_mmd,25,random,25,infograph,-0.0024340642035516336
logistic,brier_score,second_moment_mmd,25,random,25,painting,-0.01368663103460993
logistic,brier_score,second_moment_mmd,25,random,25,quickdraw,-0.002140327578252943
logistic,brier_score,second_moment_mmd,25,random,25,real,-0.02383006673181423
logistic,brier_score,second_moment_mmd,25,random,25,sketch,-0.009425372742104254
logistic,brier_score,second_moment_mmd,25,random,227,clipart,0.00027738531774619546
logistic,brier_score,second_moment_mmd,25,random,227,infograph,0.003282661631136302
logistic,brier_score,second_moment_mmd,25,random,227,painting,-0.0017164914658933383
logistic,brier_score,second_moment_mmd,25,random,227,quickdraw,-0.0004614888377598436
logistic,brier_score,second_moment_mmd,25,random,227,real,-0.006309427342752
logistic,brier_score,second_moment_mmd,25,random,227,sketch,-0.0003149299884551565
logistic,brier_score,second_moment_mmd,50,exhaustive,455,clipart,0.0
logistic,brier_score,second_moment_mmd,50,exhaustive,455,infograph,0.0015057413934828484
logistic,brier_score,second_moment_mmd,50,exhaustive,455,painting,0.0
logistic,brier_score,second_moment_mmd,50,exhaustive,455,quickdraw,-4.938033252310792e-05
logistic,brier_score,second_moment_mmd,50,exhaustive,455,real,0.0
logistic,brier_score,second_moment_mmd,50,exhaustive,455,sketch,3.077300502599134e-05
logistic,brier_score,second_moment_mmd,50,random,50,clipart,-0.01101538287241012
logistic,brier_score,second_moment_mmd,50,random,50,infograph,-0.001966459677650842
logistic,brier_score,second_moment_mmd,50,random,50,painting,-0.007121047631000285
logistic,brier_score,second_moment_mmd,50,random,50,quickdraw,-0.0022158568344641527
logistic,brier_score,second_moment_mmd,50,random,50,real,-0.016572173208324784
logistic,brier_score,second_moment_mmd,50,random,50,sketch,-0.0061009888110512
logistic,brier_score,second_moment_mmd,50,random,227,clipart,-0.001835111228047609
logistic,brier_score,second_moment_mmd,50,random,227,infograph,0.000738188458454192
logistic,brier_score,second_moment_mmd,50,random,227,painting,-0.0017164914658933383
logistic,brier_score,second_moment_mmd,50,random,227,quickdraw,-0.0008368838876365581
logistic,brier_score,second_moment_mmd,50,random,227,real,-0.006309427342752
logistic,brier_score,second_moment_mmd,50,random,227,sketch,-2.5022480079697762e-05
logistic,brier_score,second_moment_mmd,100,exhaustive,455,clipart,0.0
logistic,brier_score,second_moment_mmd,100,exhaustive,455,infograph,0.0
logistic,brier_score,second_moment_mmd,100,exhaustive,455,painting,0.0
logistic,brier_score,second_moment_mmd,100,exhaustive,455,quickdraw,-9.725778866581658e-05
logistic,brier_score,second_moment_mmd,100,exhaustive,455,real,0.0
logistic,brier_score,second_moment_mmd,100,exhaustive,455,sketch,-0.00016981518830708198
logistic,brier_score,second_moment_mmd,100,random,100,clipart,-0.006318657196041341
logistic,brier_score,second_moment_mmd,100,random,100,infograph,-0.00189050123484584
logistic,brier_score,second_moment_mmd,100,random,100,painting,-0.003625814909751182
logistic,brier_score,second_moment_mmd,100,random,100,quickdraw,-0.0014874429970162112
logistic,brier_score,second_moment_mmd,100,random,100,real,-0.013183906174185606
logistic,brier_score,second_moment_mmd,100,random,100,sketch,-0.0020237807990138718
logistic,brier_score,second_moment_mmd,100,random,227,clipart,-0.001835111228047609
logistic,brier_score,second_moment_mmd,100,random,227,infograph,-0.0007675529350286564
logistic,brier_score,second_moment_mmd,100,random,227,painting,-0.0017164914658933383
logistic,brier_score,second_moment_mmd,100,random,227,quickdraw,-0.0008847613437792667
logistic,brier_score,second_moment_mmd,100,random,227,real,-0.006309427342752
logistic,brier_score,second_moment_mmd,100,random,227,sketch,-0.00022561067341277108
logistic,brier_score,second_moment_mmd,227,exhaustive,455,clipart,0.0
logistic,brier_score,second_moment_mmd,227,exhaustive,455,infograph,0.0
logistic,brier_score,second_moment_mmd,227,exhaustive,455,painting,0.0
logistic,brier_score,second_moment_mmd,227,exhaustive,455,quickdraw,-9.725778866581658e-05
logistic,brier_score,second_moment_mmd,227,exhaustive,455,real,0.0
logistic,brier_score,second_moment_mmd,227,exhaustive,455,sketch,0.0
logistic,brier_score,second_moment_mmd,227,random,227,clipart,-0.001835111228047609
logistic,brier_score,second_moment_mmd,227,random,227,infograph,-0.0007675529350286564
logistic,brier_score,second_moment_mmd,227,random,227,painting,-0.0017164914658933383
logistic,brier_score,second_moment_mmd,227,random,227,quickdraw,-0.0008847613437792667
logistic,brier_score,second_moment_mmd,227,random,227,real,-0.006309427342752
logistic,brier_score,second_moment_mmd,227,random,227,sketch,-5.57954851056891e-05
logistic,brier_score,target_a,10,exhaustive,455,clipart,0.006422932623181485
logistic,brier_score,target_a,10,exhaustive,455,infograph,0.007363251476103658
logistic,brier_score,target_a,10,exhaustive,455,painting,0.0024806330977803354
logistic,brier_score,target_a,10,exhaustive,455,quickdraw,0.0033608207740861706
logistic,brier_score,target_a,10,exhaustive,455,real,0.0
logistic,brier_score,target_a,10,exhaustive,455,sketch,0.003715911789914844
logistic,brier_score,target_a,10,random,10,clipart,-0.017763300647773095
logistic,brier_score,target_a,10,random,10,infograph,-0.0038347372840294436
logistic,brier_score,target_a,10,random,10,painting,-0.027880135532275085
logistic,brier_score,target_a,10,random,10,quickdraw,2.525016324936291e-05
logistic,brier_score,target_a,10,random,10,real,-0.03367501898950946
logistic,brier_score,target_a,10,random,10,sketch,-0.01070990408267003
logistic,brier_score,target_a,10,random,227,clipart,0.004587821395133876
logistic,brier_score,target_a,10,random,227,infograph,0.006595698541075001
logistic,brier_score,target_a,10,random,227,painting,0.000764141631886997
logistic,brier_score,target_a,10,random,227,quickdraw,0.0025733172189727205
logistic,brier_score,target_a,10,random,227,real,-0.006309427342752
logistic,brier_score,target_a,10,random,227,sketch,0.003660116304809155
logistic,brier_score,target_a,25,exhaustive,455,clipart,0.001245753312811182
logistic,brier_score,target_a,25,exhaustive,455,infograph,0.0028566501098857
logistic,brier_score,target_a,25,exhaustive,455,painting,0.0
logistic,brier_score,target_a,25,exhaustive,455,quickdraw,0.002819550890783354
logistic,brier_score,target_a,25,exhaustive,455,real,0.0
logistic,brier_score,target_a,25,exhaustive,455,sketch,0.003481176345912995
logistic,brier_score,target_a,25,random,25,clipart,-0.015482372751688261
logistic,brier_score,target_a,25,random,25,infograph,-0.003627628659830892
logistic,brier_score,target_a,25,random,25,painting,-0.01368663103460993
logistic,brier_score,target_a,25,random,25,quickdraw,0.00035320859517680436
logistic,brier_score,target_a,25,random,25,real,-0.02383006673181423
logistic,brier_score,target_a,25,random,25,sketch,-0.005685061892841792
logistic,brier_score,target_a,25,random,227,clipart,-0.000589357915236427
logistic,brier_score,target_a,25,random,227,infograph,0.0020890971748570436
logistic,brier_score,target_a,25,random,227,painting,-0.0017164914658933383
logistic,brier_score,target_a,25,random,227,quickdraw,0.0020320473356699037
logistic,brier_score,target_a,25,random,227,real,-0.006309427342752
logistic,brier_score,target_a,25,random,227,sketch,0.003425380860807306
logistic,brier_score,target_a,50,exhaustive,455,clipart,0.0
logistic,brier_score,target_a,50,exhaustive,455,infograph,0.0006995785470255561
logistic,brier_score,target_a,50,exhaustive,455,painting,0.0
logistic,brier_score,target_a,50,exhaustive,455,quickdraw,0.001875871623978273
logistic,brier_score,target_a,50,exhaustive,455,real,0.0
logistic,brier_score,target_a,50,exhaustive,455,sketch,-0.00021446024938255592
logistic,brier_score,target_a,50,random,50,clipart,-0.01101538287241012
logistic,brier_score,target_a,50,random,50,infograph,-0.0027726225241081343
logistic,brier_score,target_a,50,random,50,painting,-0.007121047631000285
logistic,brier_score,target_a,50,random,50,quickdraw,-0.0002906048779627718
logistic,brier_score,target_a,50,random,50,real,-0.016572173208324784
logistic,brier_score,target_a,50,random,50,sketch,-0.006346222065459747
logistic,brier_score,target_a,50,random,227,clipart,-0.001835111228047609
logistic,brier_score,target_a,50,random,227,infograph,-6.79743880031003e-05
logistic,brier_score,target_a,50,random,227,painting,-0.0017164914658933383
logistic,brier_score,target_a,50,random,227,quickdraw,0.0010883680688648228
logistic,brier_score,target_a,50,random,227,real,-0.006309427342752
logistic,brier_score,target_a,50,random,227,sketch,-0.000270255734488245
logistic,brier_score,target_a,100,exhaustive,455,clipart,0.0
logistic,brier_score,target_a,100,exhaustive,455,infograph,0.0006995785470255561
logistic,brier_score,target_a,100,exhaustive,455,painting,0.0
logistic,brier_score,target_a,100,exhaustive,455,quickdraw,0.0001371818706533967
logistic,brier_score,target_a,100,exhaustive,455,real,0.0
logistic,brier_score,target_a,100,exhaustive,455,sketch,0.0
logistic,brier_score,target_a,100,random,100,clipart,-0.006318657196041341
logistic,brier_score,target_a,100,random,100,infograph,-0.0011909226878202839
logistic,brier_score,target_a,100,random,100,painting,-0.003625814909751182
logistic,brier_score,target_a,100,random,100,quickdraw,-0.001253003337696998
logistic,brier_score,target_a,100,random,100,real,-0.013183906174185606
logistic,brier_score,target_a,100,random,100,sketch,-0.0018539656107067898
logistic,brier_score,target_a,100,random,227,clipart,-0.001835111228047609
logistic,brier_score,target_a,100,random,227,infograph,-6.79743880031003e-05
logistic,brier_score,target_a,100,random,227,painting,-0.0017164914658933383
logistic,brier_score,target_a,100,random,227,quickdraw,-0.0006503216844600535
logistic,brier_score,target_a,100,random,227,real,-0.006309427342752
logistic,brier_score,target_a,100,random,227,sketch,-5.57954851056891e-05
logistic,brier_score,target_a,227,exhaustive,455,clipart,0.0
logistic,brier_score,target_a,227,exhaustive,455,infograph,0.0
logistic,brier_score,target_a,227,exhaustive,455,painting,0.0
logistic,brier_score,target_a,227,exhaustive,455,quickdraw,-9.725778866581658e-05
logistic,brier_score,target_a,227,exhaustive,455,real,0.0
logistic,brier_score,target_a,227,exhaustive,455,sketch,0.0
logistic,brier_score,target_a,227,random,227,clipart,-0.001835111228047609
logistic,brier_score,target_a,227,random,227,infograph,-0.0007675529350286564
logistic,brier_score,target_a,227,random,227,painting,-0.0017164914658933383
logistic,brier_score,target_a,227,random,227,quickdraw,-0.0008847613437792667
logistic,brier_score,target_a,227,random,227,real,-0.006309427342752
logistic,brier_score,target_a,227,random,227,sketch,-5.57954851056891e-05
logistic,error_rate,second_moment_mmd,10,exhaustive,455,clipart,0.02984619140625
logistic,error_rate,second_moment_mmd,10,exhaustive,455,infograph,0.0157470703125
logistic,error_rate,second_moment_mmd,10,exhaustive,455,painting,0.01458740234375
logistic,error_rate,second_moment_mmd,10,exhaustive,455,quickdraw,0.00048828125
logistic,error_rate,second_moment_mmd,10,exhaustive,455,real,0.00994873046875
logistic,error_rate,second_moment_mmd,10,exhaustive,455,sketch,0.00384521484375
logistic,error_rate,second_moment_mmd,10,random,10,clipart,-0.02048339843750001
logistic,error_rate,second_moment_mmd,10,random,10,infograph,-0.0052429199218750056
logistic,error_rate,second_moment_mmd,10,random,10,painting,-0.046575927734375
logistic,error_rate,second_moment_mmd,10,random,10,quickdraw,-0.006359863281250017
logistic,error_rate,second_moment_mmd,10,random,10,real,-0.039590454101562506
logistic,error_rate,second_moment_mmd,10,random,10,sketch,-0.021871948242187494
logistic,error_rate,second_moment_mmd,10,random,227,clipart,0.02054443359375
logistic,error_rate,second_moment_mmd,10,random,227,infograph,0.014248657226562503
logistic,error_rate,second_moment_mmd,10,random,227,painting,0.008950805664062492
logistic,error_rate,second_moment_mmd,10,random,227,quickdraw,-0.00013122558593750555
logistic,error_rate,second_moment_mmd,10,random,227,real,3.967285156250555e-05
logistic,error_rate,second_moment_mmd,10,random,227,sketch,0.0002777099609374972
logistic,error_rate,second_moment_mmd,25,exhaustive,455,clipart,0.0128173828125
logistic,error_rate,second_moment_mmd,25,exhaustive,455,infograph,0.0118408203125
logistic,error_rate,second_moment_mmd,25,exhaustive,455,painting,-0.0020751953125
logistic,error_rate,second_moment_mmd,25,exhaustive,455,quickdraw,-0.00323486328125
logistic,error_rate,second_moment_mmd,25,exhaustive,455,real,-0.00030517578125
logistic,error_rate,second_moment_mmd,25,exhaustive,455,sketch,0.0013427734375
logistic,error_rate,second_moment_mmd,25,random,25,clipart,-0.025473022460937488
logistic,error_rate,second_moment_mmd,25,random,25,infograph,-0.001422119140625011
logistic,error_rate,second_moment_mmd,25,random,25,painting,-0.032550048828125004
logistic,error_rate,second_moment_mmd,25,random,25,quickdraw,-0.007138061523437489
logistic,error_rate,second_moment_mmd,25,random,25,real,-0.035412597656249996
logistic,error_rate,second_moment_mmd,25,random,25,sketch,-0.013317871093750003
logistic,error_rate,second_moment_mmd,25,random,227,clipart,0.0035156250000000014
logistic,error_rate,second_moment_mmd,25,random,227,infograph,0.010342407226562503
logistic,error_rate,second_moment_mmd,25,random,227,painting,-0.007711791992187508
logistic,error_rate,second_moment_mmd,25,random,227,quickdraw,-0.0038543701171875056
logistic,error_rate,second_moment_mmd,25,random,227,real,-0.010214233398437494
logistic,error_rate,second_moment_mmd,25,random,227,sketch,-0.0022247314453125028
logistic,error_rate,second_moment_mmd,50,exhaustive,455,clipart,0.00469970703125
logistic,error_rate,second_moment_mmd,50,exhaustive,455,infograph,0.006103515625
logistic,error_rate,second_moment_mmd,50,exhaustive,455,painting,-0.0020751953125
logistic,error_rate,second_moment_mmd,50,exhaustive,455,quickdraw,-0.001953125
logistic,error_rate,second_moment_mmd,50,exhaustive,455,real,0.000244140625
logistic,error_rate,second_moment_mmd,50,exhaustive,455,sketch,0.0013427734375
logistic,error_rate,second_moment_mmd,50,random,50,clipart,-0.026541137695312494
logistic,error_rate,second_moment_mmd,50,random,50,infograph,-0.0023864746093749944
logistic,error_rate,second_moment_mmd,50,random,50,painting,-0.025488281249999988
logistic,error_rate,second_moment_mmd,50,random,50,quickdraw,-0.004913330078125
logistic,error_rate,second_moment_mmd,50,random,50,real,-0.026730346679687496
logistic,error_rate,second_moment_mmd,50,random,50,sketch,-0.01214294433593751
logistic,error_rate,second_moment_mmd,50,random,227,clipart,-0.004602050781249999
logistic,error_rate,second_moment_mmd,50,random,227,infograph,0.004605102539062503
logistic,error_rate,second_moment_mmd,50,random,227,painting,-0.007711791992187508
logistic,error_rate,second_moment_mmd,50,random,227,quickdraw,-0.0025726318359375056
logistic,error_rate,second_moment_mmd,50,random,227,real,-0.009664916992187494
logistic,error_rate,second_moment_mmd,50,random,227,sketch,-0.0022247314453125028
logistic,error_rate,second_moment_mmd,100,exhaustive,455,clipart,0.0
logistic,error_rate,second_moment_mmd,100,exhaustive,455,infograph,-0.00274658203125
logistic,error_rate,second_moment_mmd,100,exhaustive,455,painting,0.0
logistic,error_rate,second_moment_mmd,100,exhaustive,455,quickdraw,-0.0047607421875
logistic,error_rate,second_moment_mmd,100,exhaustive,455,real,0.0
logistic,error_rate,second_moment_mmd,100,exhaustive,455,sketch,0.0
logistic,error_rate,second_moment_mmd,100,random,100,clipart,-0.021463012695312506
logistic,error_rate,second_moment_mmd,100,random,100,infograph,-0.008215332031250008
logistic,error_rate,second_moment_mmd,100,random,100,painting,-0.013778686523437493
logistic,error_rate,second_moment_mmd,100,random,100,quickdraw,-0.007794189453125003
logistic,error_rate,second_moment_mmd,100,random,100,real,-0.019665527343750003
logistic,error_rate,second_moment_mmd,100,random,100,sketch,-0.005905151367187493
logistic,error_rate,second_moment_mmd,100,random,227,clipart,-0.009301757812499999
logistic,error_rate,second_moment_mmd,100,random,227,infograph,-0.004244995117187497
logistic,error_rate,second_moment_mmd,100,random,227,painting,-0.005636596679687508
logistic,error_rate,second_moment_mmd,100,random,227,quickdraw,-0.0053802490234375056
logistic,error_rate,second_moment_mmd,100,random,227,real,-0.009909057617187494
logistic,error_rate,second_moment_mmd,100,random,227,sketch,-0.0035675048828125028
logistic,error_rate,second_moment_mmd,227,exhaustive,455,clipart,0.0
logistic,error_rate,second_moment_mmd,227,exhaustive,455,infograph,0.0
logistic,error_rate,second_moment_mmd,227,exhaustive,455,painting,0.0
logistic,error_rate,second_moment_mmd,227,exhaustive,455,quickdraw,-0.00091552734375
logistic,error_rate,second_moment_mmd,227,exhaustive,455,real,0.0
logistic,error_rate,second_moment_mmd,227,exhaustive,455,sketch,0.0
logistic,error_rate,second_moment_mmd,227,random,227,clipart,-0.009301757812499999
logistic,error_rate,second_moment_mmd,227,random,227,infograph,-0.0014984130859374972
logistic,error_rate,second_moment_mmd,227,random,227,painting,-0.005636596679687508
logistic,error_rate,second_moment_mmd,227,random,227,quickdraw,-0.0015350341796875056
logistic,error_rate,second_moment_mmd,227,random,227,real,-0.009909057617187494
logistic,error_rate,second_moment_mmd,227,random,227,sketch,-0.0035675048828125028
logistic,error_rate,target_a,10,exhaustive,455,clipart,0.02325439453125
logistic,error_rate,target_a,10,exhaustive,455,infograph,0.0128173828125
logistic,error_rate,target_a,10,exhaustive,455,painting,0.00531005859375
logistic,error_rate,target_a,10,exhaustive,455,quickdraw,0.00726318359375
logistic,error_rate,target_a,10,exhaustive,455,real,-0.00421142578125
logistic,error_rate,target_a,10,exhaustive,455,sketch,0.00897216796875
logistic,error_rate,target_a,10,random,10,clipart,-0.02707519531250001
logistic,error_rate,target_a,10,random,10,infograph,-0.008172607421875006
logistic,error_rate,target_a,10,random,10,painting,-0.055853271484375
logistic,error_rate,target_a,10,random,10,quickdraw,0.00041503906249998335
logistic,error_rate,target_a,10,random,10,real,-0.053750610351562506
logistic,error_rate,target_a,10,random,10,sketch,-0.016744995117187494
logistic,error_rate,target_a,10,random,227,clipart,0.013952636718750001
logistic,error_rate,target_a,10,random,227,infograph,0.011318969726562503
logistic,error_rate,target_a,10,random,227,painting,-0.0003265380859375083
logistic,error_rate,target_a,10,random,227,quickdraw,0.0066436767578124944
logistic,error_rate,target_a,10,random,227,real,-0.014120483398437494
logistic,error_rate,target_a,10,random,227,sketch,0.005404663085937497
logistic,error_rate,target_a,25,exhaustive,455,clipart,0.00250244140625
logistic,error_rate,target_a,25,exhaustive,455,infograph,0.00213623046875
logistic,error_rate,target_a,25,exhaustive,455,painting,0.0
logistic,error_rate,target_a,25,exhaustive,455,quickdraw,0.0040283203125
logistic,error_rate,target_a,25,exhaustive,455,real,0.000244140625
logistic,error_rate,target_a,25,exhaustive,455,sketch,-0.00018310546875
logistic,error_rate,target_a,25,random,25,clipart,-0.03578796386718749
logistic,error_rate,target_a,25,random,25,infograph,-0.011126708984375011
logistic,error_rate,target_a,25,random,25,painting,-0.030474853515625004
logistic,error_rate,target_a,25,random,25,quickdraw,0.0001251220703125111
logistic,error_rate,target_a,25,random,25,real,-0.034863281249999996
logistic,error_rate,target_a,25,random,25,sketch,-0.014843750000000003
logistic,error_rate,target_a,25,random,227,clipart,-0.006799316406249999
logistic,error_rate,target_a,25,random,227,infograph,0.0006378173828125028
logistic,error_rate,target_a,25,random,227,painting,-0.005636596679687508
logistic,error_rate,target_a,25,random,227,quickdraw,0.0034088134765624944
logistic,error_rate,target_a,25,random,227,real,-0.009664916992187494
logistic,error_rate,target_a,25,random,227,sketch,-0.0037506103515625028
logistic,error_rate,target_a,50,exhaustive,455,clipart,0.0
logistic,error_rate,target_a,50,exhaustive,455,infograph,0.00152587890625
logistic,error_rate,target_a,50,exhaustive,455,painting,0.0
logistic,error_rate,target_a,50,exhaustive,455,quickdraw,0.00091552734375
logistic,error_rate,target_a,50,exhaustive,455,real,0.0
logistic,error_rate,target_a,50,exhaustive,455,sketch,-0.0010986328125
logistic,error_rate,target_a,50,random,50,clipart,-0.031240844726562494
logistic,error_rate,target_a,50,random,50,infograph,-0.0069641113281249944
logistic,error_rate,target_a,50,random,50,painting,-0.023413085937499988
logistic,error_rate,target_a,50,random,50,quickdraw,-0.002044677734375
logistic,error_rate,target_a,50,random,50,real,-0.026974487304687496
logistic,error_rate,target_a,50,random,50,sketch,-0.01458435058593751
logistic,error_rate,target_a,50,random,227,clipart,-0.009301757812499999
logistic,error_rate,target_a,50,random,227,infograph,2.7465820312502776e-05
logistic,error_rate,target_a,50,random,227,painting,-0.005636596679687508
logistic,error_rate,target_a,50,random,227,quickdraw,0.00029602050781249445
logistic,error_rate,target_a,50,random,227,real,-0.009909057617187494
logistic,error_rate,target_a,50,random,227,sketch,-0.004666137695312503
logistic,error_rate,target_a,100,exhaustive,455,clipart,0.0
logistic,error_rate,target_a,100,exhaustive,455,infograph,0.0
logistic,error_rate,target_a,100,exhaustive,455,painting,0.0
logistic,error_rate,target_a,100,exhaustive,455,quickdraw,0.0
logistic,error_rate,target_a,100,exhaustive,455,real,0.0
logistic,error_rate,target_a,100,exhaustive,455,sketch,-0.002197265625
logistic,error_rate,target_a,100,random,100,clipart,-0.021463012695312506
logistic,error_rate,target_a,100,random,100,infograph,-0.005468750000000008
logistic,error_rate,target_a,100,random,100,painting,-0.013778686523437493
logistic,error_rate,target_a,100,random,100,quickdraw,-0.0030334472656250028
logistic,error_rate,target_a,100,random,100,real,-0.019665527343750003
logistic,error_rate,target_a,100,random,100,sketch,-0.008102416992187493
logistic,error_rate,target_a,100,random,227,clipart,-0.009301757812499999
logistic,error_rate,target_a,100,random,227,infograph,-0.0014984130859374972
logistic,error_rate,target_a,100,random,227,painting,-0.005636596679687508
logistic,error_rate,target_a,100,random,227,quickdraw,-0.0006195068359375056
logistic,error_rate,target_a,100,random,227,real,-0.009909057617187494
logistic,error_rate,target_a,100,random,227,sketch,-0.005764770507812503
logistic,error_rate,target_a,227,exhaustive,455,clipart,0.0
logistic,error_rate,target_a,227,exhaustive,455,infograph,0.0
logistic,error_rate,target_a,227,exhaustive,455,painting,0.0
logistic,error_rate,target_a,227,exhaustive,455,quickdraw,-0.00140380859375
logistic,error_rate,target_a,227,exhaustive,455,real,0.0
logistic,error_rate,target_a,227,exhaustive,455,sketch,0.0
logistic,error_rate,target_a,227,random,227,clipart,-0.009301757812499999
logistic,error_rate,target_a,227,random,227,infograph,-0.0014984130859374972
logistic,error_rate,target_a,227,random,227,painting,-0.005636596679687508
logistic,error_rate,target_a,227,random,227,quickdraw,-0.0020233154296875056
logistic,error_rate,target_a,227,random,227,real,-0.009909057617187494
logistic,error_rate,target_a,227,random,227,sketch,-0.0035675048828125028
logistic,nll,second_moment_mmd,10,exhaustive,455,clipart,0.059463329503318785
logistic,nll,second_moment_mmd,10,exhaustive,455,infograph,0.06325105843402762
logistic,nll,second_moment_mmd,10,exhaustive,455,painting,0.018350524011305158
logistic,nll,second_moment_mmd,10,exhaustive,455,quickdraw,0.01781779199725375
logistic,nll,second_moment_mmd,10,exhaustive,455,real,0.0
logistic,nll,second_moment_mmd,10,exhaustive,455,sketch,0.01955021576304905
logistic,nll,second_moment_mmd,10,random,10,clipart,-0.15737822513170147
logistic,nll,second_moment_mmd,10,random,10,infograph,-0.041626448391592574
logistic,nll,second_moment_mmd,10,random,10,painting,-0.2236965196438675
logistic,nll,second_moment_mmd,10,random,10,quickdraw,-0.04703835326701755
logistic,nll,second_moment_mmd,10,random,10,real,-0.19092936229080787
logistic,nll,second_moment_mmd,10,random,10,sketch,-0.08949367287717575
logistic,nll,second_moment_mmd,10,random,227,clipart,0.04312252677098155
logistic,nll,second_moment_mmd,10,random,227,infograph,0.054815621123654235
logistic,nll,second_moment_mmd,10,random,227,painting,0.010056893952717971
logistic,nll,second_moment_mmd,10,random,227,quickdraw,0.006890763666726141
logistic,nll,second_moment_mmd,10,random,227,real,-0.017700742097277955
logistic,nll,second_moment_mmd,10,random,227,sketch,0.019488481482228148
logistic,nll,second_moment_mmd,25,exhaustive,455,clipart,0.015680348838082836
logistic,nll,second_moment_mmd,25,exhaustive,455,infograph,0.03476743211406286
logistic,nll,second_moment_mmd,25,exhaustive,455,painting,-0.0014896393702338306
logistic,nll,second_moment_mmd,25,exhaustive,455,quickdraw,0.007207356556853006
logistic,nll,second_moment_mmd,25,exhaustive,455,real,0.0
logistic,nll,second_moment_mmd,25,exhaustive,455,sketch,0.005081829672938354
logistic,nll,second_moment_mmd,25,random,25,clipart,-0.12359050081036477
logistic,nll,second_moment_mmd,25,random,25,infograph,-0.022883428571379927
logistic,nll,second_moment_mmd,25,random,25,painting,-0.1099550648964226
logistic,nll,second_moment_mmd,25,random,25,quickdraw,-0.04027773640576138
logistic,nll,second_moment_mmd,25,random,25,real,-0.12779262278445952
logistic,nll,second_moment_mmd,25,random,25,sketch,-0.060531810437171596
logistic,nll,second_moment_mmd,25,random,227,clipart,-0.000660453894254398
logistic,nll,second_moment_mmd,25,random,227,infograph,0.026331994803689474
logistic,nll,second_moment_mmd,25,random,227,painting,-0.009783269428821018
logistic,nll,second_moment_mmd,25,random,227,quickdraw,-0.0037196717736746043
logistic,nll,second_moment_mmd,25,random,227,real,-0.017700742097277955
logistic,nll,second_moment_mmd,25,random,227,sketch,0.005020095392117452
logistic,nll,second_moment_mmd,50,exhaustive,455,clipart,0.004222701696435571
logistic,nll,second_moment_mmd,50,exhaustive,455,infograph,0.008730360434430484
logistic,nll,second_moment_mmd,50,exhaustive,455,painting,-0.0014896393702338306
logistic,nll,second_moment_mmd,50,exhaustive,455,quickdraw,0.002609063945595458
logistic,nll,second_moment_mmd,50,exhaustive,455,real,0.0
logistic,nll,second_moment_mmd,50,exhaustive,455,sketch,-0.0018065286111665912
logistic,nll,second_moment_mmd,50,random,50,clipart,-0.08763464328525183
logistic,nll,second_moment_mmd,50,random,50,infograph,-0.027746496839264112
logistic,nll,second_moment_mmd,50,random,50,painting,-0.06091844631997562
logistic,nll,second_moment_mmd,50,random,50,quickdraw,-0.032628880753892364
logistic,nll,second_moment_mmd,50,random,50,real,-0.0816529166920884
logistic,nll,second_moment_mmd,50,random,50,sketch,-0.04249116291186328
logistic,nll,second_moment_mmd,50,random,227,clipart,-0.012118101035901663
logistic,nll,second_moment_mmd,50,random,227,infograph,0.0002949231240571004
logistic,nll,second_moment_mmd,50,random,227,painting,-0.009783269428821018
logistic,nll,second_moment_mmd,50,random,227,quickdraw,-0.008317964384932153
logistic,nll,second_moment_mmd,50,random,227,real,-0.017700742097277955
logistic,nll,second_moment_mmd,50,random,227,sketch,-0.0018682628919874933
logistic,nll,second_moment_mmd,100,exhaustive,455,clipart,0.0
logistic,nll,second_moment_mmd,100,exhaustive,455,infograph,0.00033926247792265274
logistic,nll,second_moment_mmd,100,exhaustive,455,painting,0.0
logistic,nll,second_moment_mmd,100,exhaustive,455,quickdraw,0.0
logistic,nll,second_moment_mmd,100,exhaustive,455,real,0.0
logistic,nll,second_moment_mmd,100,exhaustive,455,sketch,0.0
logistic,nll,second_moment_mmd,100,random,100,clipart,-0.0528089568978688
logistic,nll,second_moment_mmd,100,random,100,infograph,-0.017409723216598616
logistic,nll,second_moment_mmd,100,random,100,painting,-0.020219552513464023
logistic,nll,second_moment_mmd,100,random,100,quickdraw,-0.02482982866225203
logistic,nll,second_moment_mmd,100,random,100,real,-0.05540768979674848
logistic,nll,second_moment_mmd,100,random,100,sketch,-0.016809675039188288
logistic,nll,second_moment_mmd,100,random,227,clipart,-0.016340802732337234
logistic,nll,second_moment_mmd,100,random,227,infograph,-0.008096174832450731
logistic,nll,second_moment_mmd,100,random,227,painting,-0.008293630058587187
logistic,nll,second_moment_mmd,100,random,227,quickdraw,-0.01092702833052761
logistic,nll,second_moment_mmd,100,random,227,real,-0.017700742097277955
logistic,nll,second_moment_mmd,100,random,227,sketch,-6.173428082090204e-05
logistic,nll,second_moment_mmd,227,exhaustive,455,clipart,0.0
logistic,nll,second_moment_mmd,227,exhaustive,455,infograph,0.0
logistic,nll,second_moment_mmd,227,exhaustive,455,painting,0.0
logistic,nll,second_moment_mmd,227,exhaustive,455,quickdraw,0.0
logistic,nll,second_moment_mmd,227,exhaustive,455,real,0.0
logistic,nll,second_moment_mmd,227,exhaustive,455,sketch,0.0
logistic,nll,second_moment_mmd,227,random,227,clipart,-0.016340802732337234
logistic,nll,second_moment_mmd,227,random,227,infograph,-0.008435437310373384
logistic,nll,second_moment_mmd,227,random,227,painting,-0.008293630058587187
logistic,nll,second_moment_mmd,227,random,227,quickdraw,-0.01092702833052761
logistic,nll,second_moment_mmd,227,random,227,real,-0.017700742097277955
logistic,nll,second_moment_mmd,227,random,227,sketch,-6.173428082090204e-05
logistic,nll,target_a,10,exhaustive,455,clipart,0.049948891629063075
logistic,nll,target_a,10,exhaustive,455,infograph,0.030633334405438917
logistic,nll,target_a,10,exhaustive,455,painting,0.002416314452668211
logistic,nll,target_a,10,exhaustive,455,quickdraw,0.05653068162378838
logistic,nll,target_a,10,exhaustive,455,real,0.0
logistic,nll,target_a,10,exhaustive,455,sketch,0.025178348307752174
logistic,nll,target_a,10,random,10,clipart,-0.16689266300595718
logistic,nll,target_a,10,random,10,infograph,-0.07424417242018128
logistic,nll,target_a,10,random,10,painting,-0.23963072920250444
logistic,nll,target_a,10,random,10,quickdraw,-0.008325463640482922
logistic,nll,target_a,10,random,10,real,-0.19092936229080787
logistic,nll,target_a,10,random,10,sketch,-0.08386554033247262
logistic,nll,target_a,10,random,227,clipart,0.03360808889672584
logistic,nll,target_a,10,random,227,infograph,0.022197897095065533
logistic,nll,target_a,10,random,227,painting,-0.005877315605918976
logistic,nll,target_a,10,random,227,quickdraw,0.04560365329326077
logistic,nll,target_a,10,random,227,real,-0.017700742097277955
logistic,nll,target_a,10,random,227,sketch,0.025116614026931272
logistic,nll,target_a,25,exhaustive,455,clipart,0.00470407342266993
logistic,nll,target_a,25,exhaustive,455,infograph,0.02695845433329319
logistic,nll,target_a,25,exhaustive,455,painting,-0.0014896393702338306
logistic,nll,target_a,25,exhaustive,455,quickdraw,0.0485828591323797
logistic,nll,target_a,25,exhaustive,455,real,0.0
logistic,nll,target_a,25,exhaustive,455,sketch,-0.001536466486786181
logistic,nll,target_a,25,random,25,clipart,-0.13456677622577767
logistic,nll,target_a,25,random,25,infograph,-0.030692406352149593
logistic,nll,target_a,25,random,25,painting,-0.1099550648964226
logistic,nll,target_a,25,random,25,quickdraw,0.001097766169765313
logistic,nll,target_a,25,random,25,real,-0.12779262278445952
logistic,nll,target_a,25,random,25,sketch,-0.06715010659689613
logistic,nll,target_a,25,random,227,clipart,-0.011636729309667304
logistic,nll,target_a,25,random,227,infograph,0.018523017022919808
logistic,nll,target_a,25,random,227,painting,-0.009783269428821018
logistic,nll,target_a,25,random,227,quickdraw,0.037655830801852086
logistic,nll,target_a,25,random,227,real,-0.017700742097277955
logistic,nll,target_a,25,random,227,sketch,-0.001598200767607083
logistic,nll,target_a,50,exhaustive,455,clipart,0.0
logistic,nll,target_a,50,exhaustive,455,infograph,0.006775606771020515
logistic,nll,target_a,50,exhaustive,455,painting,-0.0014896393702338306
logistic,nll,target_a,50,exhaustive,455,quickdraw,0.028495856300410072
logistic,nll,target_a,50,exhaustive,455,real,0.0
logistic,nll,target_a,50,exhaustive,455,sketch,-0.0035872928795086523
logistic,nll,target_a,50,random,50,clipart,-0.0918573449816874
logistic,nll,target_a,50,random,50,infograph,-0.02970125050267408
logistic,nll,target_a,50,random,50,painting,-0.06091844631997562
logistic,nll,target_a,50,random,50,quickdraw,-0.00674208839907775
logistic,nll,target_a,50,random,50,real,-0.0816529166920884
logistic,nll,target_a,50,random,50,sketch,-0.04427192718020534
logistic,nll,target_a,50,random,227,clipart,-0.016340802732337234
logistic,nll,target_a,50,random,227,infograph,-0.001659830539352869
logistic,nll,target_a,50,random,227,painting,-0.009783269428821018
logistic,nll,target_a,50,random,227,quickdraw,0.01756882796988246
logistic,nll,target_a,50,random,227,real,-0.017700742097277955
logistic,nll,target_a,50,random,227,sketch,-0.0036490271603295543
logistic,nll,target_a,100,exhaustive,455,clipart,0.0
logistic,nll,target_a,100,exhaustive,455,infograph,0.0
logistic,nll,target_a,100,exhaustive,455,painting,0.0
logistic,nll,target_a,100,exhaustive,455,quickdraw,0.016865051135972142
logistic,nll,target_a,100,exhaustive,455,real,0.0
logistic,nll,target_a,100,exhaustive,455,sketch,0.0
logistic,nll,target_a,100,random,100,clipart,-0.0528089568978688
logistic,nll,target_a,100,random,100,infograph,-0.01774898569452127
logistic,nll,target_a,100,random,100,painting,-0.020219552513464023
logistic,nll,target_a,100,random,100,quickdraw,-0.007964777526279887
logistic,nll,target_a,100,random,100,real,-0.05540768979674848
logistic,nll,target_a,100,random,100,sketch,-0.016809675039188288
logistic,nll,target_a,100,random,227,clipart,-0.016340802732337234
logistic,nll,target_a,100,random,227,infograph,-0.008435437310373384
logistic,nll,target_a,100,random,227,painting,-0.008293630058587187
logistic,nll,target_a,100,random,227,quickdraw,0.005938022805444532
logistic,nll,target_a,100,random,227,real,-0.017700742097277955
logistic,nll,target_a,100,random,227,sketch,-6.173428082090204e-05
logistic,nll,target_a,227,exhaustive,455,clipart,0.0
logistic,nll,target_a,227,exhaustive,455,infograph,0.0
logistic,nll,target_a,227,exhaustive,455,painting,0.0
logistic,nll,target_a,227,exhaustive,455,quickdraw,0.0
logistic,nll,target_a,227,exhaustive,455,real,0.0
logistic,nll,target_a,227,exhaustive,455,sketch,0.0
logistic,nll,target_a,227,random,227,clipart,-0.016340802732337234
logistic,nll,target_a,227,random,227,infograph,-0.008435437310373384
logistic,nll,target_a,227,random,227,painting,-0.008293630058587187
logistic,nll,target_a,227,random,227,quickdraw,-0.01092702833052761
logistic,nll,target_a,227,random,227,real,-0.017700742097277955
logistic,nll,target_a,227,random,227,sketch,-6.173428082090204e-05
ridge,brier_score,second_moment_mmd,10,exhaustive,455,clipart,0.00011925489626921082
ridge,brier_score,second_moment_mmd,10,exhaustive,455,infograph,7.773661209330152e-05
ridge,brier_score,second_moment_mmd,10,exhaustive,455,painting,1.1019104385848189e-05
ridge,brier_score,second_moment_mmd,10,exhaustive,455,quickdraw,2.3301512848863948e-05
ridge,brier_score,second_moment_mmd,10,exhaustive,455,real,-2.2135354958152664e-06
ridge,brier_score,second_moment_mmd,10,exhaustive,455,sketch,1.8181274244133405e-05
ridge,brier_score,second_moment_mmd,10,random,10,clipart,-0.0002647762280328786
ridge,brier_score,second_moment_mmd,10,random,10,infograph,-0.00017029662551119873
ridge,brier_score,second_moment_mmd,10,random,10,painting,-0.0005124747297621524
ridge,brier_score,second_moment_mmd,10,random,10,quickdraw,-7.622318640605752e-05
ridge,brier_score,second_moment_mmd,10,random,10,real,-0.0003501838199739121
ridge,brier_score,second_moment_mmd,10,random,10,sketch,-0.00026313368997248066
ridge,brier_score,second_moment_mmd,10,random,227,clipart,7.898357650587551e-05
ridge,brier_score,second_moment_mmd,10,random,227,infograph,4.959100356245749e-05
ridge,brier_score,second_moment_mmd,10,random,227,painting,-5.026097509576444e-05
ridge,brier_score,second_moment_mmd,10,random,227,quickdraw,1.3731584869502989e-05
ridge,brier_score,second_moment_mmd,10,random,227,real,-2.7012161550057923e-05
ridge,brier_score,second_moment_mmd,10,random,227,sketch,8.183578127957114e-06
ridge,brier_score,second_moment_mmd,25,exhaustive,455,clipart,1.3932632276739132e-05
ridge,brier_score,second_moment_mmd,25,exhaustive,455,infograph,1.2383223100154162e-05
ridge,brier_score,second_moment_mmd,25,exhaustive,455,painting,0.0
ridge,brier_score,second_moment_mmd,25,exhaustive,455,quickdraw,2.0832545466753505e-06
ridge,brier_score,second_moment_mmd,25,exhaustive,455,real,0.0
ridge,brier_score,second_moment_mmd,25,exhaustive,455,sketch,1.63302318119396e-06
ridge,brier_score,second_moment_mmd,25,random,25,clipart,-0.0002619616673700531
ridge,brier_score,second_moment_mmd,25,random,25,infograph,-0.00014756646635580295
ridge,brier_score,second_moment_mmd,25,random,25,painting,-0.00024995800655723543
ridge,brier_score,second_moment_mmd,25,random,25,quickdraw,-7.202938413636284e-05
ridge,brier_score,second_moment_mmd,25,random,25,real,-0.00023542310784237241
ridge,brier_score,second_moment_mmd,25,random,25,sketch,-0.00018292012626776322
ridge,brier_score,second_moment_mmd,25,random,227,clipart,-2.633868748659618e-05
ridge,brier_score,second_moment_mmd,25,random,227,infograph,-1.5762385430689863e-05
ridge,brier_score,second_moment_mmd,25,random,227,painting,-6.128007948161263e-05
ridge,brier_score,second_moment_mmd,25,random,227,quickdraw,-7.486673432685609e-06
ridge,brier_score,second_moment_mmd,25,random,227,real,-2.4798626054242656e-05
ridge,brier_score,second_moment_mmd,25,random,227,sketch,-8.364672934982331e-06
ridge,brier_score,second_moment_mmd,50,exhaustive,455,clipart,9.830885493306019e-07
ridge,brier_score,second_moment_mmd,50,exhaustive,455,infograph,1.2521566091425185e-05
ridge,brier_score,second_moment_mmd,50,exhaustive,455,painting,0.0
ridge,brier_score,second_moment_mmd,50,exhaustive,455,quickdraw,0.0
ridge,brier_score,second_moment_mmd,50,exhaustive,455,real,0.0
ridge,brier_score,second_moment_mmd,50,exhaustive,455,sketch,1.63302318119396e-06
ridge,brier_score,second_moment_mmd,50,random,50,clipart,-0.00018928659613764998
ridge,brier_score,second_moment_mmd,50,random,50,infograph,-8.203131857234536e-05
ridge,brier_score,second_moment_mmd,50,random,50,painting,-0.00015677601649559392
ridge,brier_score,second_moment_mmd,50,random,50,quickdraw,-5.7870834623705014e-05
ridge,brier_score,second_moment_mmd,50,random,50,real,-0.00014739273429485722
ridge,brier_score,second_moment_mmd,50,random,50,sketch,-0.00012040977237769146
ridge,brier_score,second_moment_mmd,50,random,227,clipart,-3.928823121400471e-05
ridge,brier_score,second_moment_mmd,50,random,227,infograph,-1.562404243941884e-05
ridge,brier_score,second_moment_mmd,50,random,227,painting,-6.128007948161263e-05
ridge,brier_score,second_moment_mmd,50,random,227,quickdraw,-9.56992797936096e-06
ridge,brier_score,second_moment_mmd,50,random,227,real,-2.4798626054242656e-05
ridge,brier_score,second_moment_mmd,50,random,227,sketch,-8.364672934982331e-06
ridge,brier_score,second_moment_mmd,100,exhaustive,455,clipart,0.0
ridge,brier_score,second_moment_mmd,100,exhaustive,455,infograph,0.0
ridge,brier_score,second_moment_mmd,100,exhaustive,455,painting,0.0
ridge,brier_score,second_moment_mmd,100,exhaustive,455,quickdraw,0.0
ridge,brier_score,second_moment_mmd,100,exhaustive,455,real,0.0
ridge,brier_score,second_moment_mmd,100,exhaustive,455,sketch,0.0
ridge,brier_score,second_moment_mmd,100,random,100,clipart,-0.00011376845722987916
ridge,brier_score,second_moment_mmd,100,random,100,infograph,-6.20890067356411e-05
ridge,brier_score,second_moment_mmd,100,random,100,painting,-0.0001004441910419096
ridge,brier_score,second_moment_mmd,100,random,100,quickdraw,-3.408018596694207e-05
ridge,brier_score,second_moment_mmd,100,random,100,real,-9.725362513639257e-05
ridge,brier_score,second_moment_mmd,100,random,100,sketch,-5.530168641708355e-05
ridge,brier_score,second_moment_mmd,100,random,227,clipart,-4.027131976333531e-05
ridge,brier_score,second_moment_mmd,100,random,227,infograph,-2.8145608530844024e-05
ridge,brier_score,second_moment_mmd,100,random,227,painting,-6.128007948161263e-05
ridge,brier_score,second_moment_mmd,100,random,227,quickdraw,-9.56992797936096e-06
ridge,brier_score,second_moment_mmd,100,random,227,real,-2.4798626054242656e-05
ridge,brier_score,second_moment_mmd,100,random,227,sketch,-9.997696116176291e-06
ridge,brier_score,second_moment_mmd,227,exhaustive,455,clipart,0.0
ridge,brier_score,second_moment_mmd,227,exhaustive,455,infograph,0.0
ridge,brier_score,second_moment_mmd,227,exhaustive,455,painting,0.0
ridge,brier_score,second_moment_mmd,227,exhaustive,455,quickdraw,0.0
ridge,brier_score,second_moment_mmd,227,exhaustive,455,real,0.0
ridge,brier_score,second_moment_mmd,227,exhaustive,455,sketch,0.0
ridge,brier_score,second_moment_mmd,227,random,227,clipart,-4.027131976333531e-05
ridge,brier_score,second_moment_mmd,227,random,227,infograph,-2.8145608530844024e-05
ridge,brier_score,second_moment_mmd,227,random,227,painting,-6.128007948161263e-05
ridge,brier_score,second_moment_mmd,227,random,227,quickdraw,-9.56992797936096e-06
ridge,brier_score,second_moment_mmd,227,random,227,real,-2.4798626054242656e-05
ridge,brier_score,second_moment_mmd,227,random,227,sketch,-9.997696116176291e-06
ridge,brier_score,target_a,10,exhaustive,455,clipart,0.00014564697553795525
ridge,brier_score,target_a,10,exhaustive,455,infograph,0.00018813832525110818
ridge,brier_score,target_a,10,exhaustive,455,painting,6.887871603629414e-05
ridge,brier_score,target_a,10,exhaustive,455,quickdraw,7.448852640494497e-05
ridge,brier_score,target_a,10,exhaustive,455,real,-5.4461148822071426e-06
ridge,brier_score,target_a,10,exhaustive,455,sketch,0.00010410052655002167
ridge,brier_score,target_a,10,random,10,clipart,-0.00023838414876413416
ridge,brier_score,target_a,10,random,10,infograph,-5.989491235339206e-05
ridge,brier_score,target_a,10,random,10,painting,-0.0004546151181117064
ridge,brier_score,target_a,10,random,10,quickdraw,-2.50361728499765e-05
ridge,brier_score,target_a,10,random,10,real,-0.000353416399360304
ridge,brier_score,target_a,10,random,10,sketch,-0.0001772144376665924
ridge,brier_score,target_a,10,random,227,clipart,0.00010537565577461994
ridge,brier_score,target_a,10,random,227,infograph,0.00015999271672026416
ridge,brier_score,target_a,10,random,227,painting,7.598636554681515e-06
ridge,brier_score,target_a,10,random,227,quickdraw,6.4918598425584e-05
ridge,brier_score,target_a,10,random,227,real,-3.02447409364498e-05
ridge,brier_score,target_a,10,random,227,sketch,9.410283043384537e-05
ridge,brier_score,target_a,25,exhaustive,455,clipart,6.741715096850176e-05
ridge,brier_score,target_a,25,exhaustive,455,infograph,0.00015907428037693905
ridge,brier_score,target_a,25,exhaustive,455,painting,0.0
ridge,brier_score,target_a,25,exhaustive,455,quickdraw,4.931383524857391e-05
ridge,brier_score,target_a,25,exhaustive,455,real,0.0
ridge,brier_score,target_a,25,exhaustive,455,sketch,9.684304070370353e-05
ridge,brier_score,target_a,25,random,25,clipart,-0.00020847714867829048
ridge,brier_score,target_a,25,random,25,infograph,-8.754090790180635e-07
ridge,brier_score,target_a,25,random,25,painting,-0.00024995800655723543
ridge,brier_score,target_a,25,random,25,quickdraw,-2.4798803434464278e-05
ridge,brier_score,target_a,25,random,25,real,-0.00023542310784237241
ridge,brier_score,target_a,25,random,25,sketch,-8.771010874525365e-05
ridge,brier_score,target_a,25,random,227,clipart,2.714583120516645e-05
ridge,brier_score,target_a,25,random,227,infograph,0.00013092867184609502
ridge,brier_score,target_a,25,random,227,painting,-6.128007948161263e-05
ridge,brier_score,target_a,25,random,227,quickdraw,3.974390726921295e-05
ridge,brier_score,target_a,25,random,227,real,-2.4798626054242656e-05
ridge,brier_score,target_a,25,random,227,sketch,8.684534458752724e-05
ridge,brier_score,target_a,50,exhaustive,455,clipart,0.0
ridge,brier_score,target_a,50,exhaustive,455,infograph,8.018552417664304e-05
ridge,brier_score,target_a,50,exhaustive,455,painting,0.0
ridge,brier_score,target_a,50,exhaustive,455,quickdraw,4.431096529644574e-05
ridge,brier_score,target_a,50,exhaustive,455,real,0.0
ridge,brier_score,target_a,50,exhaustive,455,sketch,7.707367880624427e-06
ridge,brier_score,target_a,50,random,50,clipart,-0.00019026968468698058
ridge,brier_score,target_a,50,random,50,infograph,-1.43673604871275e-05
ridge,brier_score,target_a,50,random,50,painting,-0.00015677601649559392
ridge,brier_score,target_a,50,random,50,quickdraw,-1.3559869327259277e-05
ridge,brier_score,target_a,50,random,50,real,-0.00014739273429485722
ridge,brier_score,target_a,50,random,50,sketch,-0.00011433542767826099
ridge,brier_score,target_a,50,random,227,clipart,-4.027131976333531e-05
ridge,brier_score,target_a,50,random,227,infograph,5.203991564579902e-05
ridge,brier_score,target_a,50,random,227,painting,-6.128007948161263e-05
ridge,brier_score,target_a,50,random,227,quickdraw,3.474103731708478e-05
ridge,brier_score,target_a,50,random,227,real,-2.4798626054242656e-05
ridge,brier_score,target_a,50,random,227,sketch,-2.290328235551864e-06
ridge,brier_score,target_a,100,exhaustive,455,clipart,0.0
ridge,brier_score,target_a,100,exhaustive,455,infograph,5.7080562423914016e-05
ridge,brier_score,target_a,100,exhaustive,455,painting,0.0
ridge,brier_score,target_a,100,exhaustive,455,quickdraw,1.9367029413935866e-06
ridge,brier_score,target_a,100,exhaustive,455,real,0.0
ridge,brier_score,target_a,100,exhaustive,455,sketch,-8.125534905895071e-07
ridge,brier_score,target_a,100,random,100,clipart,-0.00011376845722987916
ridge,brier_score,target_a,100,random,100,infograph,-5.008444311727089e-06
ridge,brier_score,target_a,100,random,100,painting,-0.0001004441910419096
ridge,brier_score,target_a,100,random,100,quickdraw,-3.214348302554848e-05
ridge,brier_score,target_a,100,random,100,real,-9.725362513639257e-05
ridge,brier_score,target_a,100,random,100,sketch,-5.611423990767306e-05
ridge,brier_score,target_a,100,random,227,clipart,-4.027131976333531e-05
ridge,brier_score,target_a,100,random,227,infograph,2.8934953893069992e-05
ridge,brier_score,target_a,100,random,227,painting,-6.128007948161263e-05
ridge,brier_score,target_a,100,random,227,quickdraw,-7.633225037967373e-06
ridge,brier_score,target_a,100,random,227,real,-2.4798626054242656e-05
ridge,brier_score,target_a,100,random,227,sketch,-1.0810249606765798e-05
ridge,brier_score,target_a,227,exhaustive,455,clipart,0.0
ridge,brier_score,target_a,227,exhaustive,455,infograph,0.0
ridge,brier_score,target_a,227,exhaustive,455,painting,0.0
ridge,brier_score,target_a,227,exhaustive,455,quickdraw,0.0
ridge,brier_score,target_a,227,exhaustive,455,real,0.0
ridge,brier_score,target_a,227,exhaustive,455,sketch,0.0
ridge,brier_score,target_a,227,random,227,clipart,-4.027131976333531e-05
ridge,brier_score,target_a,227,random,227,infograph,-2.8145608530844024e-05
ridge,brier_score,target_a,227,random,227,painting,-6.128007948161263e-05
ridge,brier_score,target_a,227,random,227,quickdraw,-9.56992797936096e-06
ridge,brier_score,target_a,227,random,227,real,-2.4798626054242656e-05
ridge,brier_score,target_a,227,random,227,sketch,-9.997696116176291e-06
ridge,error_rate,second_moment_mmd,10,exhaustive,455,clipart,0.0179443359375
ridge,error_rate,second_moment_mmd,10,exhaustive,455,infograph,0.01055908203125
ridge,error_rate,second_moment_mmd,10,exhaustive,455,painting,0.00372314453125
ridge,error_rate,second_moment_mmd,10,exhaustive,455,quickdraw,-0.0030517578125
ridge,error_rate,second_moment_mmd,10,exhaustive,455,real,0.01165771484375
ridge,error_rate,second_moment_mmd,10,exhaustive,455,sketch,0.004150390625
ridge,error_rate,second_moment_mmd,10,random,10,clipart,-0.02120056152343748
ridge,error_rate,second_moment_mmd,10,random,10,infograph,-0.009451293945312494
ridge,error_rate,second_moment_mmd,10,random,10,painting,-0.055413818359375006
ridge,error_rate,second_moment_mmd,10,random,10,quickdraw,-0.011187744140624983
ridge,error_rate,second_moment_mmd,10,random,10,real,-0.03639526367187501
ridge,error_rate,second_moment_mmd,10,random,10,sketch,-0.024520874023437507
ridge,error_rate,second_moment_mmd,10,random,227,clipart,0.011483764648437506
ridge,error_rate,second_moment_mmd,10,random,227,infograph,0.009289550781250017
ridge,error_rate,second_moment_mmd,10,random,227,painting,-0.0023010253906250167
ridge,error_rate,second_moment_mmd,10,random,227,quickdraw,-0.003799438476562486
ridge,error_rate,second_moment_mmd,10,random,227,real,-7.324218750000278e-05
ridge,error_rate,second_moment_mmd,10,random,227,sketch,0.0012176513671875028
ridge,error_rate,second_moment_mmd,25,exhaustive,455,clipart,0.00762939453125
ridge,error_rate,second_moment_mmd,25,exhaustive,455,infograph,0.00592041015625
ridge,error_rate,second_moment_mmd,25,exhaustive,455,painting,0.00189208984375
ridge,error_rate,second_moment_mmd,25,exhaustive,455,quickdraw,-0.00225830078125
ridge,error_rate,second_moment_mmd,25,exhaustive,455,real,0.00128173828125
ridge,error_rate,second_moment_mmd,25,exhaustive,455,sketch,-0.001220703125
ridge,error_rate,second_moment_mmd,25,random,25,clipart,-0.020501708984375012
ridge,error_rate,second_moment_mmd,25,random,25,infograph,-0.007415771484375
ridge,error_rate,second_moment_mmd,25,random,25,painting,-0.029907226562499993
ridge,error_rate,second_moment_mmd,25,random,25,quickdraw,-0.006274414062500011
ridge,error_rate,second_moment_mmd,25,random,25,real,-0.03499755859374999
ridge,error_rate,second_moment_mmd,25,random,25,sketch,-0.017700195312500007
ridge,error_rate,second_moment_mmd,25,random,227,clipart,0.0011688232421875056
ridge,error_rate,second_moment_mmd,25,random,227,infograph,0.004650878906250017
ridge,error_rate,second_moment_mmd,25,random,227,painting,-0.004132080078125017
ridge,error_rate,second_moment_mmd,25,random,227,quickdraw,-0.003005981445312486
ridge,error_rate,second_moment_mmd,25,random,227,real,-0.010449218750000003
ridge,error_rate,second_moment_mmd,25,random,227,sketch,-0.004153442382812497
ridge,error_rate,second_moment_mmd,50,exhaustive,455,clipart,0.00396728515625
ridge,error_rate,second_moment_mmd,50,exhaustive,455,infograph,0.007080078125
ridge,error_rate,second_moment_mmd,50,exhaustive,455,painting,0.00189208984375
ridge,error_rate,second_moment_mmd,50,exhaustive,455,quickdraw,-0.00164794921875
ridge,error_rate,second_moment_mmd,50,exhaustive,455,real,0.0050048828125
ridge,error_rate,second_moment_mmd,50,exhaustive,455,sketch,-0.0008544921875
ridge,error_rate,second_moment_mmd,50,random,50,clipart,-0.0182098388671875
ridge,error_rate,second_moment_mmd,50,random,50,infograph,-0.0018432617187500167
ridge,error_rate,second_moment_mmd,50,random,50,painting,-0.02106323242187501
ridge,error_rate,second_moment_mmd,50,random,50,quickdraw,-0.004769897460937519
ridge,error_rate,second_moment_mmd,50,random,50,real,-0.021841430664062494
ridge,error_rate,second_moment_mmd,50,random,50,sketch,-0.013519287109375007
ridge,error_rate,second_moment_mmd,50,random,227,clipart,-0.0024932861328124944
ridge,error_rate,second_moment_mmd,50,random,227,infograph,0.005810546875000017
ridge,error_rate,second_moment_mmd,50,random,227,painting,-0.004132080078125017
ridge,error_rate,second_moment_mmd,50,random,227,quickdraw,-0.002395629882812486
ridge,error_rate,second_moment_mmd,50,random,227,real,-0.006726074218750003
ridge,error_rate,second_moment_mmd,50,random,227,sketch,-0.0037872314453124972
ridge,error_rate,second_moment_mmd,100,exhaustive,455,clipart,0.0
ridge,error_rate,second_moment_mmd,100,exhaustive,455,infograph,-0.0020751953125
ridge,error_rate,second_moment_mmd,100,exhaustive,455,painting,0.0
ridge,error_rate,second_moment_mmd,100,exhaustive,455,quickdraw,-0.0010986328125
ridge,error_rate,second_moment_mmd,100,exhaustive,455,real,0.00201416015625
ridge,error_rate,second_moment_mmd,100,exhaustive,455,sketch,0.0
ridge,error_rate,second_moment_mmd,100,random,100,clipart,-0.015945434570312493
ridge,error_rate,second_moment_mmd,100,random,100,infograph,-0.0073303222656249944
ridge,error_rate,second_moment_mmd,100,random,100,painting,-0.011260986328125014
ridge,error_rate,second_moment_mmd,100,random,100,quickdraw,-0.0032592773437499917
ridge,error_rate,second_moment_mmd,100,random,100,real,-0.0186065673828125
ridge,error_rate,second_moment_mmd,100,random,100,sketch,-0.00714111328125
ridge,error_rate,second_moment_mmd,100,random,227,clipart,-0.0064605712890624944
ridge,error_rate,second_moment_mmd,100,random,227,infograph,-0.0033447265624999833
ridge,error_rate,second_moment_mmd,100,random,227,painting,-0.006024169921875017
ridge,error_rate,second_moment_mmd,100,random,227,quickdraw,-0.0018463134765624861
ridge,error_rate,second_moment_mmd,100,random,227,real,-0.009716796875000003
ridge,error_rate,second_moment_mmd,100,random,227,sketch,-0.0029327392578124972
ridge,error_rate,second_moment_mmd,227,exhaustive,455,clipart,0.0
ridge,error_rate,second_moment_mmd,227,exhaustive,455,infograph,0.0
ridge,error_rate,second_moment_mmd,227,exhaustive,455,painting,0.0
ridge,error_rate,second_moment_mmd,227,exhaustive,455,quickdraw,-0.0010986328125
ridge,error_rate,second_moment_mmd,227,exhaustive,455,real,0.0
ridge,error_rate,second_moment_mmd,227,exhaustive,455,sketch,0.0
ridge,error_rate,second_moment_mmd,227,random,227,clipart,-0.0064605712890624944
ridge,error_rate,second_moment_mmd,227,random,227,infograph,-0.0012695312499999833
ridge,error_rate,second_moment_mmd,227,random,227,painting,-0.006024169921875017
ridge,error_rate,second_moment_mmd,227,random,227,quickdraw,-0.0018463134765624861
ridge,error_rate,second_moment_mmd,227,random,227,real,-0.011730957031250003
ridge,error_rate,second_moment_mmd,227,random,227,sketch,-0.0029327392578124972
ridge,error_rate,target_a,10,exhaustive,455,clipart,0.01617431640625
ridge,error_rate,target_a,10,exhaustive,455,infograph,0.01153564453125
ridge,error_rate,target_a,10,exhaustive,455,painting,-0.00018310546875
ridge,error_rate,target_a,10,exhaustive,455,quickdraw,0.00799560546875
ridge,error_rate,target_a,10,exhaustive,455,real,0.00128173828125
ridge,error_rate,target_a,10,exhaustive,455,sketch,0.00079345703125
ridge,error_rate,target_a,10,random,10,clipart,-0.02297058105468748
ridge,error_rate,target_a,10,random,10,infograph,-0.008474731445312494
ridge,error_rate,target_a,10,random,10,painting,-0.059320068359375006
ridge,error_rate,target_a,10,random,10,quickdraw,-0.00014038085937498335
ridge,error_rate,target_a,10,random,10,real,-0.04677124023437501
ridge,error_rate,target_a,10,random,10,sketch,-0.027877807617187507
ridge,error_rate,target_a,10,random,227,clipart,0.009713745117187506
ridge,error_rate,target_a,10,random,227,infograph,0.010266113281250017
ridge,error_rate,target_a,10,random,227,painting,-0.006207275390625017
ridge,error_rate,target_a,10,random,227,quickdraw,0.007247924804687514
ridge,error_rate,target_a,10,random,227,real,-0.010449218750000003
ridge,error_rate,target_a,10,random,227,sketch,-0.0021392822265624972
ridge,error_rate,target_a,25,exhaustive,455,clipart,0.00177001953125
ridge,error_rate,target_a,25,exhaustive,455,infograph,0.0040283203125
ridge,error_rate,target_a,25,exhaustive,455,painting,0.00189208984375
ridge,error_rate,target_a,25,exhaustive,455,quickdraw,0.00433349609375
ridge,error_rate,target_a,25,exhaustive,455,real,-0.001708984375
ridge,error_rate,target_a,25,exhaustive,455,sketch,0.000244140625
ridge,error_rate,target_a,25,random,25,clipart,-0.026361083984375012
ridge,error_rate,target_a,25,random,25,infograph,-0.009307861328125
ridge,error_rate,target_a,25,random,25,painting,-0.029907226562499993
ridge,error_rate,target_a,25,random,25,quickdraw,0.0003173828124999889
ridge,error_rate,target_a,25,random,25,real,-0.03798828124999999
ridge,error_rate,target_a,25,random,25,sketch,-0.016235351562500007
ridge,error_rate,target_a,25,random,227,clipart,-0.0046905517578124944
ridge,error_rate,target_a,25,random,227,infograph,0.0027587890625000167
ridge,error_rate,target_a,25,random,227,painting,-0.004132080078125017
ridge,error_rate,target_a,25,random,227,quickdraw,0.003585815429687514
ridge,error_rate,target_a,25,random,227,real,-0.013439941406250003
ridge,error_rate,target_a,25,random,227,sketch,-0.0026885986328124972
ridge,error_rate,target_a,50,exhaustive,455,clipart,0.0
ridge,error_rate,target_a,50,exhaustive,455,infograph,0.00164794921875
ridge,error_rate,target_a,50,exhaustive,455,painting,0.00189208984375
ridge,error_rate,target_a,50,exhaustive,455,quickdraw,0.00152587890625
ridge,error_rate,target_a,50,exhaustive,455,real,-0.0009765625
ridge,error_rate,target_a,50,exhaustive,455,sketch,0.00048828125
ridge,error_rate,target_a,50,random,50,clipart,-0.0221771240234375
ridge,error_rate,target_a,50,random,50,infograph,-0.007275390625000017
ridge,error_rate,target_a,50,random,50,painting,-0.02106323242187501
ridge,error_rate,target_a,50,random,50,quickdraw,-0.0015960693359375194
ridge,error_rate,target_a,50,random,50,real,-0.027822875976562494
ridge,error_rate,target_a,50,random,50,sketch,-0.012176513671875007
ridge,error_rate,target_a,50,random,227,clipart,-0.0064605712890624944
ridge,error_rate,target_a,50,random,227,infograph,0.00037841796875001665
ridge,error_rate,target_a,50,random,227,painting,-0.004132080078125017
ridge,error_rate,target_a,50,random,227,quickdraw,0.0007781982421875139
ridge,error_rate,target_a,50,random,227,real,-0.012707519531250003
ridge,error_rate,target_a,50,random,227,sketch,-0.0024444580078124972
ridge,error_rate,target_a,100,exhaustive,455,clipart,0.0
ridge,error_rate,target_a,100,exhaustive,455,infograph,0.00152587890625
ridge,error_rate,target_a,100,exhaustive,455,painting,0.0003662109375
ridge,error_rate,target_a,100,exhaustive,455,quickdraw,-0.00347900390625
ridge,error_rate,target_a,100,exhaustive,455,real,0.00201416015625
ridge,error_rate,target_a,100,exhaustive,455,sketch,-0.0008544921875
ridge,error_rate,target_a,100,random,100,clipart,-0.015945434570312493
ridge,error_rate,target_a,100,random,100,infograph,-0.0037292480468749944
ridge,error_rate,target_a,100,random,100,painting,-0.010894775390625014
ridge,error_rate,target_a,100,random,100,quickdraw,-0.005639648437499992
ridge,error_rate,target_a,100,random,100,real,-0.0186065673828125
ridge,error_rate,target_a,100,random,100,sketch,-0.00799560546875
ridge,error_rate,target_a,100,random,227,clipart,-0.0064605712890624944
ridge,error_rate,target_a,100,random,227,infograph,0.00025634765625001665
ridge,error_rate,target_a,100,random,227,painting,-0.005657958984375017
ridge,error_rate,target_a,100,random,227,quickdraw,-0.004226684570312486
ridge,error_rate,target_a,100,random,227,real,-0.009716796875000003
ridge,error_rate,target_a,100,random,227,sketch,-0.0037872314453124972
ridge,error_rate,target_a,227,exhaustive,455,clipart,0.0
ridge,error_rate,target_a,227,exhaustive,455,infograph,0.0
ridge,error_rate,target_a,227,exhaustive,455,painting,0.0
ridge,error_rate,target_a,227,exhaustive,455,quickdraw,-0.0010986328125
ridge,error_rate,target_a,227,exhaustive,455,real,0.0
ridge,error_rate,target_a,227,exhaustive,455,sketch,0.0
ridge,error_rate,target_a,227,random,227,clipart,-0.0064605712890624944
ridge,error_rate,target_a,227,random,227,infograph,-0.0012695312499999833
ridge,error_rate,target_a,227,random,227,painting,-0.006024169921875017
ridge,error_rate,target_a,227,random,227,quickdraw,-0.0018463134765624861
ridge,error_rate,target_a,227,random,227,real,-0.011730957031250003
ridge,error_rate,target_a,227,random,227,sketch,-0.0029327392578124972
ridge,nll,second_moment_mmd,10,exhaustive,455,clipart,0.0043443419382201975
ridge,nll,second_moment_mmd,10,exhaustive,455,infograph,0.002832498228122482
ridge,nll,second_moment_mmd,10,exhaustive,455,painting,0.0008234471464200199
ridge,nll,second_moment_mmd,10,exhaustive,455,quickdraw,0.0010137970011759867
ridge,nll,second_moment_mmd,10,exhaustive,455,real,0.00013463858530937678
ridge,nll,second_moment_mmd,10,exhaustive,455,sketch,0.0006984066021621382
ridge,nll,second_moment_mmd,10,random,10,clipart,-0.010330422308127085
ridge,nll,second_moment_mmd,10,random,10,infograph,-0.006532154326016837
ridge,nll,second_moment_mmd,10,random,10,painting,-0.01919525202975969
ridge,nll,second_moment_mmd,10,random,10,quickdraw,-0.0034696969541793132
ridge,nll,second_moment_mmd,10,random,10,real,-0.013436046918613997
ridge,nll,second_moment_mmd,10,random,10,sketch,-0.010040167285723767
ridge,nll,second_moment_mmd,10,random,227,clipart,0.002915272252422829
ridge,nll,second_moment_mmd,10,random,227,infograph,0.0016296548190682936
ridge,nll,second_moment_mmd,10,random,227,painting,-0.0022222862323860726
ridge,nll,second_moment_mmd,10,random,227,quickdraw,0.0005868765434600132
ridge,nll,second_moment_mmd,10,random,227,real,-0.001547543741143298
ridge,nll,second_moment_mmd,10,random,227,sketch,-0.0001271873061587936
ridge,nll,second_moment_mmd,25,exhaustive,455,clipart,0.0005926824061659453
ridge,nll,second_moment_mmd,25,exhaustive,455,infograph,0.0006434102023092914
ridge,nll,second_moment_mmd,25,exhaustive,455,painting,0.0
ridge,nll,second_moment_mmd,25,exhaustive,455,quickdraw,0.00012451815288105905
ridge,nll,second_moment_mmd,25,exhaustive,455,real,0.0
ridge,nll,second_moment_mmd,25,exhaustive,455,sketch,0.00011016284356668571
ridge,nll,second_moment_mmd,25,random,25,clipart,-0.009893085492052478
ridge,nll,second_moment_mmd,25,random,25,infograph,-0.005374621881917285
ridge,nll,second_moment_mmd,25,random,25,painting,-0.009668769735693306
ridge,nll,second_moment_mmd,25,random,25,quickdraw,-0.0031810096930791065
ridge,nll,second_moment_mmd,25,random,25,real,-0.009198400682842833
ridge,nll,second_moment_mmd,25,random,25,sketch,-0.007067675459101586
ridge,nll,second_moment_mmd,25,random,227,clipart,-0.0008363872796314231
ridge,nll,second_moment_mmd,25,random,227,infograph,-0.000559433206744897
ridge,nll,second_moment_mmd,25,random,227,painting,-0.0030457333788060925
ridge,nll,second_moment_mmd,25,random,227,quickdraw,-0.0003024023048349145
ridge,nll,second_moment_mmd,25,random,227,real,-0.0016821823264526747
ridge,nll,second_moment_mmd,25,random,227,sketch,-0.0007154310647542461
ridge,nll,second_moment_mmd,50,exhaustive,455,clipart,0.0
ridge,nll,second_moment_mmd,50,exhaustive,455,infograph,0.0006618650803681403
ridge,nll,second_moment_mmd,50,exhaustive,455,painting,0.0
ridge,nll,second_moment_mmd,50,exhaustive,455,quickdraw,0.0
ridge,nll,second_moment_mmd,50,exhaustive,455,real,0.0
ridge,nll,second_moment_mmd,50,exhaustive,455,sketch,0.00011016284356668571
ridge,nll,second_moment_mmd,50,random,50,clipart,-0.00723295956394987
ridge,nll,second_moment_mmd,50,random,50,infograph,-0.0027977625724506794
ridge,nll,second_moment_mmd,50,random,50,painting,-0.006450417086904636
ridge,nll,second_moment_mmd,50,random,50,quickdraw,-0.0025283968806432133
ridge,nll,second_moment_mmd,50,random,50,real,-0.006192430422127582
ridge,nll,second_moment_mmd,50,random,50,sketch,-0.004761192429806882
ridge,nll,second_moment_mmd,50,random,227,clipart,-0.0014290696857973684
ridge,nll,second_moment_mmd,50,random,227,infograph,-0.0005409783286860481
ridge,nll,second_moment_mmd,50,random,227,painting,-0.0030457333788060925
ridge,nll,second_moment_mmd,50,random,227,quickdraw,-0.00042692045771597353
ridge,nll,second_moment_mmd,50,random,227,real,-0.0016821823264526747
ridge,nll,second_moment_mmd,50,random,227,sketch,-0.0007154310647542461
ridge,nll,second_moment_mmd,100,exhaustive,455,clipart,0.0
ridge,nll,second_moment_mmd,100,exhaustive,455,infograph,0.0
ridge,nll,second_moment_mmd,100,exhaustive,455,painting,0.0
ridge,nll,second_moment_mmd,100,exhaustive,455,quickdraw,0.0
ridge,nll,second_moment_mmd,100,exhaustive,455,real,0.0
ridge,nll,second_moment_mmd,100,exhaustive,455,sketch,0.0
ridge,nll,second_moment_mmd,100,random,100,clipart,-0.004253336993073509
ridge,nll,second_moment_mmd,100,random,100,infograph,-0.002310853561756976
ridge,nll,second_moment_mmd,100,random,100,painting,-0.0041313401981533104
ridge,nll,second_moment_mmd,100,random,100,quickdraw,-0.0015400653882233772
ridge,nll,second_moment_mmd,100,random,100,real,-0.004415154495959084
ridge,nll,second_moment_mmd,100,random,100,sketch,-0.0024681577043569325
ridge,nll,second_moment_mmd,100,random,227,clipart,-0.0014290696857973684
ridge,nll,second_moment_mmd,100,random,227,infograph,-0.0012028434090541884
ridge,nll,second_moment_mmd,100,random,227,painting,-0.0030457333788060925
ridge,nll,second_moment_mmd,100,random,227,quickdraw,-0.00042692045771597353
ridge,nll,second_moment_mmd,100,random,227,real,-0.0016821823264526747
ridge,nll,second_moment_mmd,100,random,227,sketch,-0.0008255939083209318
ridge,nll,second_moment_mmd,227,exhaustive,455,clipart,0.0
ridge,nll,second_moment_mmd,227,exhaustive,455,infograph,0.0
ridge,nll,second_moment_mmd,227,exhaustive,455,painting,0.0
ridge,nll,second_moment_mmd,227,exhaustive,455,quickdraw,0.0
ridge,nll,second_moment_mmd,227,exhaustive,455,real,0.0
ridge,nll,second_moment_mmd,227,exhaustive,455,sketch,0.0
ridge,nll,second_moment_mmd,227,random,227,clipart,-0.0014290696857973684
ridge,nll,second_moment_mmd,227,random,227,infograph,-0.0012028434090541884
ridge,nll,second_moment_mmd,227,random,227,painting,-0.0030457333788060925
ridge,nll,second_moment_mmd,227,random,227,quickdraw,-0.00042692045771597353
ridge,nll,second_moment_mmd,227,random,227,real,-0.0016821823264526747
ridge,nll,second_moment_mmd,227,random,227,sketch,-0.0008255939083209318
ridge,nll,target_a,10,exhaustive,455,clipart,0.005374500402892446
ridge,nll,target_a,10,exhaustive,455,infograph,0.006621835960081146
ridge,nll,target_a,10,exhaustive,455,painting,0.0028678349249228186
ridge,nll,target_a,10,exhaustive,455,quickdraw,0.003314011383471982
ridge,nll,target_a,10,exhaustive,455,real,0.0003005808276492772
ridge,nll,target_a,10,exhaustive,455,sketch,0.005025209440229661
ridge,nll,target_a,10,random,10,clipart,-0.009300263843454837
ridge,nll,target_a,10,random,10,infograph,-0.002742816594058173
ridge,nll,target_a,10,random,10,painting,-0.017150864251256892
ridge,nll,target_a,10,random,10,quickdraw,-0.001169482571883318
ridge,nll,target_a,10,random,10,real,-0.013270104676274097
ridge,nll,target_a,10,random,10,sketch,-0.005713364447656244
ridge,nll,target_a,10,random,227,clipart,0.0039454307170950775
ridge,nll,target_a,10,random,227,infograph,0.005418992551026958
ridge,nll,target_a,10,random,227,painting,-0.00017789845388327397
ridge,nll,target_a,10,random,227,quickdraw,0.0028870909257560085
ridge,nll,target_a,10,random,227,real,-0.0013816014988033976
ridge,nll,target_a,10,random,227,sketch,0.004199615531908729
ridge,nll,target_a,25,exhaustive,455,clipart,0.0023727935668625966
ridge,nll,target_a,25,exhaustive,455,infograph,0.005800924725760104
ridge,nll,target_a,25,exhaustive,455,painting,0.0
ridge,nll,target_a,25,exhaustive,455,quickdraw,0.0021754612302189447
ridge,nll,target_a,25,exhaustive,455,real,0.0
ridge,nll,target_a,25,exhaustive,455,sketch,0.004667836579886564
ridge,nll,target_a,25,random,25,clipart,-0.008112974331355827
ridge,nll,target_a,25,random,25,infograph,-0.0002171073584664729
ridge,nll,target_a,25,random,25,painting,-0.009668769735693306
ridge,nll,target_a,25,random,25,quickdraw,-0.001130066615741221
ridge,nll,target_a,25,random,25,real,-0.009198400682842833
ridge,nll,target_a,25,random,25,sketch,-0.0025100017227817073
ridge,nll,target_a,25,random,227,clipart,0.0009437238810652282
ridge,nll,target_a,25,random,227,infograph,0.004598081316705915
ridge,nll,target_a,25,random,227,painting,-0.0030457333788060925
ridge,nll,target_a,25,random,227,quickdraw,0.0017485407725029711
ridge,nll,target_a,25,random,227,real,-0.0016821823264526747
ridge,nll,target_a,25,random,227,sketch,0.003842242671565632
ridge,nll,target_a,50,exhaustive,455,clipart,-1.069262418118555e-05
ridge,nll,target_a,50,exhaustive,455,infograph,0.0029281491206480936
ridge,nll,target_a,50,exhaustive,455,painting,0.0
ridge,nll,target_a,50,exhaustive,455,quickdraw,0.0019542643687123773
ridge,nll,target_a,50,exhaustive,455,real,0.0
ridge,nll,target_a,50,exhaustive,455,sketch,0.0004943303687677814
ridge,nll,target_a,50,random,50,clipart,-0.007243652188131056
ridge,nll,target_a,50,random,50,infograph,-0.000531478532170726
ridge,nll,target_a,50,random,50,painting,-0.006450417086904636
ridge,nll,target_a,50,random,50,quickdraw,-0.000574132511930836
ridge,nll,target_a,50,random,50,real,-0.006192430422127582
ridge,nll,target_a,50,random,50,sketch,-0.004377024904605786
ridge,nll,target_a,50,random,227,clipart,-0.001439762309978554
ridge,nll,target_a,50,random,227,infograph,0.0017253057115939052
ridge,nll,target_a,50,random,227,painting,-0.0030457333788060925
ridge,nll,target_a,50,random,227,quickdraw,0.0015273439109964038
ridge,nll,target_a,50,random,227,real,-0.0016821823264526747
ridge,nll,target_a,50,random,227,sketch,-0.00033126353955315047
ridge,nll,target_a,100,exhaustive,455,clipart,-1.069262418118555e-05
ridge,nll,target_a,100,exhaustive,455,infograph,0.0024820452496568945
ridge,nll,target_a,100,exhaustive,455,painting,0.0
ridge,nll,target_a,100,exhaustive,455,quickdraw,0.0001282326071637696
ridge,nll,target_a,100,exhaustive,455,real,0.0
ridge,nll,target_a,100,exhaustive,455,sketch,0.0
ridge,nll,target_a,100,random,100,clipart,-0.004264029617254694
ridge,nll,target_a,100,random,100,infograph,0.00017119168789991868
ridge,nll,target_a,100,random,100,painting,-0.0041313401981533104
ridge,nll,target_a,100,random,100,quickdraw,-0.0014118327810596076
ridge,nll,target_a,100,random,100,real,-0.004415154495959084
ridge,nll,target_a,100,random,100,sketch,-0.0024681577043569325
ridge,nll,target_a,100,random,227,clipart,-0.001439762309978554
ridge,nll,target_a,100,random,227,infograph,0.0012792018406027061
ridge,nll,target_a,100,random,227,painting,-0.0030457333788060925
ridge,nll,target_a,100,random,227,quickdraw,-0.0002986878505522039
ridge,nll,target_a,100,random,227,real,-0.0016821823264526747
ridge,nll,target_a,100,random,227,sketch,-0.0008255939083209318
ridge,nll,target_a,227,exhaustive,455,clipart,0.0
ridge,nll,target_a,227,exhaustive,455,infograph,0.0
ridge,nll,target_a,227,exhaustive,455,painting,0.0
ridge,nll,target_a,227,exhaustive,455,quickdraw,0.0
ridge,nll,target_a,227,exhaustive,455,real,0.0
ridge,nll,target_a,227,exhaustive,455,sketch,0.0
ridge,nll,target_a,227,random,227,clipart,-0.0014290696857973684
ridge,nll,target_a,227,random,227,infograph,-0.0012028434090541884
ridge,nll,target_a,227,random,227,painting,-0.0030457333788060925
ridge,nll,target_a,227,random,227,quickdraw,-0.00042692045771597353
ridge,nll,target_a,227,random,227,real,-0.0016821823264526747
ridge,nll,target_a,227,random,227,sketch,-0.0008255939083209318
