method,shortlist_size,target,encoders,best_candidate_recall_mean,top3_candidate_recall_mean,validation_regret_mean,normalized_validation_regret_mean,test_regret_vs_exhaustive_validation_selection_mean,removed_fraction_mean,best_candidate_family_recall_mean,top3_candidate_family_recall_mean,selected_family_count_mean,removed_family_fraction_mean
dpp_subspace,3,beans,4,0.5,0.41666666666666663,0.004561572391743984,0.19010797091049303,-0.0042968750000000056,0.8125,0.5,0.5416666666666666,3.0,0.7692307692307692
dpp_subspace,3,dtd,4,0.75,0.3333333333333333,0.0007579777638117569,0.040103145611714935,-0.00021276473999023993,0.8125,0.75,0.4583333333333333,3.0,0.7692307692307692
dpp_subspace,3,eurosat,4,0.25,0.16666666666666666,0.002066667162179958,0.15662897929122277,0.004481488466262812,0.8125,0.25,0.16666666666666666,3.0,0.7692307692307692
dpp_subspace,3,flowers102,4,0.0,0.16666666666666666,0.005441174308458946,0.19400133060235225,0.0024400055408477783,0.8125,0.0,0.29166666666666663,3.0,0.7692307692307692
dpp_subspace,3,food101,4,0.75,0.3333333333333333,0.00034333374698956864,0.006189910768658631,-0.0004800021648407038,0.8125,0.75,0.5833333333333333,3.0,0.7692307692307692
dpp_subspace,3,gtsrb,4,0.5,0.41666666666666663,0.0024866654137770394,0.08221422668703271,0.002300000190734869,0.8125,0.5,0.625,3.0,0.7692307692307692
dpp_subspace,3,oxford_pets,4,0.25,0.3333333333333333,0.0011639491668430646,0.08434677921129924,0.0011719822883606013,0.8125,0.75,0.625,3.0,0.7692307692307692
dpp_subspace,5,beans,4,0.5,0.5,0.004561572391743984,0.19010797091049303,-0.0042968750000000056,0.6875,0.5,0.625,4.75,0.6346153846153846
dpp_subspace,5,dtd,4,0.75,0.41666666666666663,0.0007579777638117569,0.040103145611714935,-0.00021276473999023993,0.6875,0.75,0.6666666666666666,4.75,0.6346153846153846
dpp_subspace,5,eurosat,4,0.25,0.41666666666666663,0.0010433363095919412,0.07528739129612905,0.0037963002920150535,0.6875,0.25,0.4583333333333333,4.75,0.6346153846153846
dpp_subspace,5,flowers102,4,0.0,0.3333333333333333,0.003071893254915886,0.12236013702680555,0.002510008215904247,0.6875,0.0,0.375,4.75,0.6346153846153846
dpp_subspace,5,food101,4,0.75,0.41666666666666663,0.00034333374698956864,0.006189910768658631,-0.0004800021648407038,0.6875,0.75,0.6666666666666666,4.75,0.6346153846153846
dpp_subspace,5,gtsrb,4,0.5,0.41666666666666663,0.0024866654137770394,0.08221422668703271,0.002300000190734869,0.6875,0.5,0.625,4.75,0.6346153846153846
dpp_subspace,5,oxford_pets,4,0.25,0.3333333333333333,0.0011639491668430646,0.08434677921129924,0.0011719822883606013,0.6875,0.75,0.7083333333333333,4.75,0.6346153846153846
dpp_subspace,8,beans,4,0.5,0.5833333333333334,0.004561572391743984,0.19010797091049303,-0.0042968750000000056,0.5,0.5,0.7083333333333334,7.25,0.4423076923076923
dpp_subspace,8,dtd,4,0.75,0.75,0.00016400714715322784,0.00867730270947803,0.00015957653522491455,0.5,0.75,0.9166666666666666,7.25,0.4423076923076923
dpp_subspace,8,eurosat,4,0.5,0.5833333333333333,0.0002966685944795211,0.022004765151408093,0.0017037063837051225,0.5,0.5,0.625,7.25,0.4423076923076923
dpp_subspace,8,flowers102,4,0.25,0.5,0.0020751619338989225,0.09093374199467202,0.003819999098777782,0.5,0.5,0.5833333333333334,7.25,0.4423076923076923
dpp_subspace,8,food101,4,1.0,0.6666666666666666,0.0,0.0,0.0,0.5,1.0,0.8333333333333333,7.25,0.4423076923076923
dpp_subspace,8,gtsrb,4,0.5,0.5833333333333333,0.0024866654137770394,0.08221422668703271,0.002300000190734869,0.5,0.5,0.75,7.25,0.4423076923076923
dpp_subspace,8,oxford_pets,4,0.25,0.5833333333333333,0.0006793483784017507,0.05071801604037405,1.362264156343218e-05,0.5,0.75,0.7916666666666666,7.25,0.4423076923076923
facility_subspace,3,beans,4,0.5,0.3333333333333333,0.001724695625188316,0.08438496115940243,-0.0015625000000000222,0.8125,0.75,0.5,3.0,0.7692307692307692
facility_subspace,3,dtd,4,0.5,0.25,0.000851066311200438,0.044722596301545375,0.0016755282878875566,0.8125,0.5,0.5416666666666666,3.0,0.7692307692307692
facility_subspace,3,eurosat,4,0.5,0.25,0.001473334397673609,0.11609810244956847,0.0022222191095352117,0.8125,0.5,0.375,3.0,0.7692307692307692
facility_subspace,3,flowers102,4,0.25,0.25,0.00807189683119458,0.2590919338011208,0.0017700046300888062,0.8125,0.5,0.5,3.0,0.7692307692307692
facility_subspace,3,food101,4,0.5,0.3333333333333333,0.001290000334382077,0.03290903673086509,0.0009700104594230624,0.8125,0.5,0.6666666666666666,3.0,0.7692307692307692
facility_subspace,3,gtsrb,4,0.25,0.25,0.003923335283001234,0.12148075418810232,0.007599997520446766,0.8125,0.25,0.41666666666666663,3.0,0.7692307692307692
facility_subspace,3,oxford_pets,4,0.5,0.3333333333333333,0.0008786216002984182,0.0643339681330275,0.001294636726379389,0.8125,0.75,0.7916666666666666,3.0,0.7692307692307692
facility_subspace,5,beans,4,0.5,0.41666666666666663,0.001305611745762436,0.06805332120062138,0.003124999999999961,0.6875,0.75,0.5833333333333333,5.0,0.6153846153846154
facility_subspace,5,dtd,4,0.75,0.3333333333333333,8.867979049670405e-06,0.00016350240631385598,0.002047869563102711,0.6875,0.75,0.625,5.0,0.6153846153846154
facility_subspace,5,eurosat,4,0.5,0.25,0.001473334397673609,0.11609810244956847,0.0022222191095352117,0.6875,0.5,0.375,5.0,0.6153846153846154
facility_subspace,5,flowers102,4,0.25,0.25,0.008006537556648263,0.2568647696068991,0.004140007495880144,0.6875,0.5,0.5,5.0,0.6153846153846154
facility_subspace,5,food101,4,0.75,0.41666666666666663,0.0008266668607791322,0.014903848364738358,0.00020999759435653964,0.6875,0.75,0.75,5.0,0.6153846153846154
facility_subspace,5,gtsrb,4,0.25,0.3333333333333333,0.003923335283001234,0.12148075418810232,0.007599997520446766,0.6875,0.25,0.5,5.0,0.6153846153846154
facility_subspace,5,oxford_pets,4,0.5,0.3333333333333333,0.0008786216002984182,0.0643339681330275,0.001294636726379389,0.6875,0.75,0.7916666666666666,5.0,0.6153846153846154
facility_subspace,8,beans,4,0.75,0.75,0.00024178219006798507,0.026596032733899024,0.006249999999999978,0.5,1.0,0.9166666666666666,8.0,0.3846153846153846
facility_subspace,8,dtd,4,1.0,0.41666666666666663,0.0,0.0,0.0,0.5,1.0,0.7083333333333334,8.0,0.3846153846153846
facility_subspace,8,eurosat,4,0.75,0.5,0.00044000115076703317,0.031398728437102674,0.0008888840675354004,0.5,0.75,0.625,8.0,0.3846153846153846
facility_subspace,8,flowers102,4,0.25,0.5,0.0021405255794524902,0.06746633170386333,0.0034799963235855325,0.5,0.75,0.8333333333333334,8.0,0.3846153846153846
facility_subspace,8,food101,4,1.0,0.6666666666666666,0.0,0.0,0.0,0.5,1.0,1.0,8.0,0.3846153846153846
facility_subspace,8,gtsrb,4,0.75,0.6666666666666666,0.0006966682038704319,0.019635515481499697,0.0017599940299987682,0.5,0.75,0.8333333333333333,8.0,0.3846153846153846
facility_subspace,8,oxford_pets,4,0.5,0.41666666666666663,0.0008786216002984182,0.0643339681330275,0.001294636726379389,0.5,0.75,0.875,8.0,0.3846153846153846
full_merged_rank,3,beans,4,0.5,0.41666666666666663,0.0042875557119503305,0.15744242557283888,0.0,0.8125,0.5,0.4583333333333333,2.5,0.8076923076923077
full_merged_rank,3,dtd,4,0.5,0.25,0.0009264206886291371,0.0487094514769615,0.002978718280792214,0.8125,0.5,0.375,2.5,0.8076923076923077
full_merged_rank,3,eurosat,4,0.25,0.08333333333333333,0.0022166667850812005,0.16733303635319532,0.0037963062524795643,0.8125,0.25,0.08333333333333333,2.5,0.8076923076923077
full_merged_rank,3,flowers102,4,0.0,0.16666666666666666,0.005816991130510957,0.20680755857030925,0.0007900089025497381,0.8125,0.0,0.29166666666666663,2.5,0.8076923076923077
full_merged_rank,3,food101,4,0.75,0.25,0.0008266668607791322,0.014903848364738358,0.00020999759435653964,0.8125,0.75,0.5,2.5,0.8076923076923077
full_merged_rank,3,gtsrb,4,0.5,0.41666666666666663,0.002440000575184814,0.0796731311937392,0.0034399956464767345,0.8125,0.5,0.5416666666666666,2.5,0.8076923076923077
full_merged_rank,3,oxford_pets,4,0.5,0.3333333333333333,0.0008786216002984182,0.0643339681330275,0.001294636726379389,0.8125,0.75,0.5416666666666666,2.5,0.8076923076923077
full_merged_rank,5,beans,4,0.5,0.5,0.00425531695555445,0.156419883282777,-0.00390625,0.6875,0.5,0.5416666666666666,4.0,0.6923076923076923
full_merged_rank,5,dtd,4,0.75,0.5,0.0007579777638117569,0.040103145611714935,-0.00021276473999023993,0.6875,0.75,0.5416666666666666,4.0,0.6923076923076923
full_merged_rank,5,eurosat,4,0.25,0.16666666666666666,0.002066667162179958,0.15662897929122277,0.004481488466262812,0.6875,0.25,0.16666666666666666,4.0,0.6923076923076923
full_merged_rank,5,flowers102,4,0.25,0.25,0.00522875626881919,0.18888322755061782,0.002900007367134083,0.6875,0.25,0.375,4.0,0.6923076923076923
full_merged_rank,5,food101,4,0.75,0.5,0.00034333374698956864,0.006189910768658631,-0.0004800021648407038,0.6875,0.75,0.6666666666666666,4.0,0.6923076923076923
full_merged_rank,5,gtsrb,4,0.5,0.5,0.0023633332717418742,0.07734329004081636,0.0012599974870681763,0.6875,0.5,0.625,4.0,0.6923076923076923
full_merged_rank,5,oxford_pets,4,0.75,0.5833333333333333,6.793455639175772e-05,0.0017663627716998863,-8.176565170286976e-05,0.6875,0.75,0.7083333333333333,4.0,0.6923076923076923
full_merged_rank,8,beans,4,0.5,0.6666666666666666,0.003707284553830348,0.1390375035096324,-0.001953125,0.5,0.5,0.7083333333333333,6.5,0.5
full_merged_rank,8,dtd,4,1.0,0.75,0.0,0.0,0.0,0.5,1.0,0.8333333333333334,6.5,0.5
full_merged_rank,8,eurosat,4,0.25,0.41666666666666663,0.0015500007067124066,0.11681722438625383,0.004018518328666676,0.5,0.25,0.4583333333333333,6.5,0.5
full_merged_rank,8,flowers102,4,0.5,0.5833333333333333,0.0018627438942591668,0.08581563894293759,0.004280000925064087,0.5,0.75,0.6666666666666666,6.5,0.5
full_merged_rank,8,food101,4,1.0,0.8333333333333333,0.0,0.0,0.0,0.5,1.0,0.8333333333333333,6.5,0.5
full_merged_rank,8,gtsrb,4,0.5,0.6666666666666666,0.0023633332717418742,0.07734329004081636,0.0012599974870681763,0.5,0.5,0.75,6.5,0.5
full_merged_rank,8,oxford_pets,4,0.75,0.75,6.793455639175772e-05,0.0017663627716998863,-8.176565170286976e-05,0.5,0.75,0.7916666666666666,6.5,0.5
kcenter_subspace,3,beans,4,0.75,0.3333333333333333,0.001063829555694451,0.04145728846672235,-0.0031250000000000167,0.8125,0.75,0.5,3.0,0.7692307692307692
kcenter_subspace,3,dtd,4,0.5,0.16666666666666666,0.002637412150700874,0.08025567183497972,0.0002925515174865556,0.8125,0.5,0.29166666666666663,3.0,0.7692307692307692
kcenter_subspace,3,eurosat,4,0.25,0.08333333333333333,0.0025933342820405603,0.1918343935146848,0.004814824461936956,0.8125,0.25,0.16666666666666666,3.0,0.7692307692307692
kcenter_subspace,3,flowers102,4,0.0,0.16666666666666666,0.009248364965120937,0.3071300324433637,0.006650003790855397,0.8125,0.25,0.3333333333333333,3.0,0.7692307692307692
kcenter_subspace,3,food101,4,0.5,0.16666666666666666,0.0026700011650721556,0.06320499107212733,0.0013899996876716586,0.8125,0.5,0.5,3.0,0.7692307692307692
kcenter_subspace,3,gtsrb,4,0.25,0.08333333333333333,0.0048866667777299755,0.15952701368459843,0.008030000329017628,0.8125,0.25,0.29166666666666663,3.0,0.7692307692307692
kcenter_subspace,3,oxford_pets,4,0.25,0.3333333333333333,0.0009782603658412548,0.07132260864550662,0.000872167944908131,0.8125,0.75,0.625,3.0,0.7692307692307692
kcenter_subspace,5,beans,4,0.75,0.41666666666666663,0.0008704054497811753,0.03391957820821204,-0.004687500000000011,0.6875,0.75,0.6666666666666666,5.0,0.6153846153846154
kcenter_subspace,5,dtd,4,0.5,0.16666666666666666,0.001852837602297458,0.06579016330388626,0.0027127683162689042,0.6875,0.5,0.375,5.0,0.6153846153846154
kcenter_subspace,5,eurosat,4,0.25,0.25,0.0011933352935314112,0.08599140679510314,0.0012222290039062556,0.6875,0.5,0.4583333333333333,5.0,0.6153846153846154
kcenter_subspace,5,flowers102,4,0.25,0.25,0.0018627446889877275,0.06312503300893134,-0.0006199955940246749,0.6875,0.75,0.625,5.0,0.6153846153846154
kcenter_subspace,5,food101,4,0.75,0.25,0.0014200009316206047,0.025600976120796894,-2.0003318786626645e-05,0.6875,1.0,0.75,5.0,0.6153846153846154
kcenter_subspace,5,gtsrb,4,0.25,0.25,0.003916666683157266,0.12268763235511279,0.004820004105567932,0.6875,0.25,0.5,5.0,0.6153846153846154
kcenter_subspace,5,oxford_pets,4,0.25,0.3333333333333333,0.0009782603658412548,0.07132260864550662,0.000872167944908131,0.6875,0.75,0.7083333333333333,5.0,0.6153846153846154
kcenter_subspace,8,beans,4,1.0,0.5,0.0,0.0,0.0,0.5,1.0,0.75,7.75,0.40384615384615385
kcenter_subspace,8,dtd,4,0.5,0.25,0.0013829791545867942,0.051626541277046745,-0.00034575164318084717,0.5,0.5,0.4583333333333333,7.75,0.40384615384615385
kcenter_subspace,8,eurosat,4,0.25,0.5,0.0010433356706301689,0.07528734973313057,0.001907411217689503,0.5,0.5,0.7083333333333333,7.75,0.40384615384615385
kcenter_subspace,8,flowers102,4,0.25,0.41666666666666663,0.0008496739466984926,0.03909405106482813,0.00041999816894530695,0.5,0.75,0.7083333333333334,7.75,0.40384615384615385
kcenter_subspace,8,food101,4,1.0,0.3333333333333333,0.0,0.0,0.0,0.5,1.0,0.8333333333333334,7.75,0.40384615384615385
kcenter_subspace,8,gtsrb,4,0.5,0.5,0.0021033330349127244,0.06238262493436761,0.0037299960851669145,0.5,0.5,0.75,7.75,0.40384615384615385
kcenter_subspace,8,oxford_pets,4,0.5,0.5833333333333333,0.0007608700513948019,0.06567025469250524,-6.814599037172075e-05,0.5,1.0,1.0,7.75,0.40384615384615385
pool_vendi_subspace,3,beans,4,0.75,0.3333333333333333,0.001063829555694451,0.04145728846672235,-0.0031250000000000167,0.8125,0.75,0.5,3.0,0.7692307692307692
pool_vendi_subspace,3,dtd,4,0.5,0.25,0.002637412150700874,0.08025567183497972,0.0002925515174865556,0.8125,0.5,0.375,3.0,0.7692307692307692
pool_vendi_subspace,3,eurosat,4,0.25,0.16666666666666666,0.0025933342820405603,0.1918343935146848,0.004814824461936956,0.8125,0.25,0.25,3.0,0.7692307692307692
pool_vendi_subspace,3,flowers102,4,0.25,0.25,0.007990195949872325,0.27728509109233085,0.0072999984025955145,0.8125,0.5,0.41666666666666663,3.0,0.7692307692307692
pool_vendi_subspace,3,food101,4,0.5,0.25,0.0026700011650721556,0.06320499107212733,0.0013899996876716586,0.8125,0.5,0.5833333333333333,3.0,0.7692307692307692
pool_vendi_subspace,3,gtsrb,4,0.25,0.16666666666666666,0.0048866667777299755,0.15952701368459843,0.008030000329017628,0.8125,0.25,0.41666666666666663,3.0,0.7692307692307692
pool_vendi_subspace,3,oxford_pets,4,0.25,0.41666666666666663,0.0009782603658412548,0.07132260864550662,0.000872167944908131,0.8125,0.75,0.7083333333333333,3.0,0.7692307692307692
pool_vendi_subspace,5,beans,4,0.75,0.5,0.0008704054497811753,0.03391957820821204,-0.004687500000000011,0.6875,0.75,0.6666666666666666,5.0,0.6153846153846154
pool_vendi_subspace,5,dtd,4,0.5,0.25,0.001852837602297458,0.06579016330388626,0.0027127683162689042,0.6875,0.5,0.375,5.0,0.6153846153846154
pool_vendi_subspace,5,eurosat,4,0.5,0.3333333333333333,0.0010566699099540666,0.07710163690077707,0.0020185202360153143,0.6875,0.5,0.4583333333333333,5.0,0.6153846153846154
pool_vendi_subspace,5,flowers102,4,0.25,0.41666666666666663,0.0020915051301320375,0.08508991905247616,0.0032399952411651667,0.6875,0.75,0.625,5.0,0.6153846153846154
pool_vendi_subspace,5,food101,4,1.0,0.41666666666666663,0.0,0.0,0.0,0.6875,1.0,0.75,5.0,0.6153846153846154
pool_vendi_subspace,5,gtsrb,4,0.25,0.25,0.003916667633851373,0.12268766124573702,0.009289997816085804,0.6875,0.25,0.5,5.0,0.6153846153846154
pool_vendi_subspace,5,oxford_pets,4,0.25,0.41666666666666663,0.0009782603658412548,0.07132260864550662,0.000872167944908131,0.6875,0.75,0.7083333333333333,5.0,0.6153846153846154
pool_vendi_subspace,8,beans,4,1.0,0.6666666666666666,0.0,0.0,0.0,0.5,1.0,0.8333333333333333,8.0,0.3846153846153846
pool_vendi_subspace,8,dtd,4,0.75,0.3333333333333333,0.0009175527095794667,0.048545949070647645,0.0009308487176895031,0.5,0.75,0.4583333333333333,8.0,0.3846153846153846
pool_vendi_subspace,8,eurosat,4,0.5,0.5,0.0010566699099540666,0.07710163690077707,0.0020185202360153143,0.5,0.5,0.625,8.0,0.3846153846153846
pool_vendi_subspace,8,flowers102,4,0.25,0.5,0.0020915051301320375,0.08508991905247616,0.0032399952411651667,0.5,0.75,0.7083333333333334,8.0,0.3846153846153846
pool_vendi_subspace,8,food101,4,1.0,0.5,0.0,0.0,0.0,0.5,1.0,0.8333333333333333,8.0,0.3846153846153846
pool_vendi_subspace,8,gtsrb,4,0.5,0.5833333333333333,0.0021033330349127244,0.06238262493436761,0.0037299960851669145,0.5,0.5,0.8333333333333333,8.0,0.3846153846153846
pool_vendi_subspace,8,oxford_pets,4,0.5,0.5,0.0007608700513948019,0.06567025469250524,-6.814599037172075e-05,0.5,1.0,0.8333333333333333,8.0,0.3846153846153846
rank_only,3,beans,4,0.25,0.25,0.0057704691470706615,0.2152313539983423,-0.0078125,0.8125,0.25,0.29166666666666663,1.5,0.8846153846153846
rank_only,3,dtd,4,0.5,0.3333333333333333,0.0014539019266764375,0.05843482985495293,-0.0014361709356308094,0.8125,0.5,0.29166666666666663,1.5,0.8846153846153846
rank_only,3,eurosat,4,0.25,0.08333333333333333,0.002593333208958326,0.1918343237131455,0.0033888965845108032,0.8125,0.25,0.08333333333333333,1.5,0.8846153846153846
rank_only,3,flowers102,4,0.0,0.16666666666666666,0.006013070543607085,0.20997252352520893,0.0005000174045562689,0.8125,0.0,0.20833333333333331,1.5,0.8846153846153846
rank_only,3,food101,4,0.5,0.41666666666666663,0.0009733335097630996,0.021436573015700268,0.001719999313354495,0.8125,0.5,0.41666666666666663,1.5,0.8846153846153846
rank_only,3,gtsrb,4,0.25,0.25,0.002503334234754212,0.08145818331190106,0.00817999392747877,0.8125,0.25,0.29166666666666663,1.5,0.8846153846153846
rank_only,3,oxford_pets,4,0.75,0.5833333333333333,6.793455639175772e-05,0.0017663627716998863,-8.176565170286976e-05,0.8125,0.75,0.5416666666666666,1.5,0.8846153846153846
rank_only,5,beans,4,0.5,0.5,0.00425531695555445,0.156419883282777,-0.00390625,0.6875,0.5,0.5416666666666666,3.25,0.75
rank_only,5,dtd,4,0.75,0.5,0.0007579777638117569,0.040103145611714935,-0.00021276473999023993,0.6875,0.75,0.5416666666666666,3.25,0.75
rank_only,5,eurosat,4,0.25,0.16666666666666666,0.002066667162179958,0.15662897929122277,0.004481488466262812,0.6875,0.25,0.16666666666666666,3.25,0.75
rank_only,5,flowers102,4,0.0,0.25,0.005424834092458086,0.19204815420836568,0.0024200081825256348,0.6875,0.0,0.29166666666666663,3.25,0.75
rank_only,5,food101,4,0.75,0.6666666666666666,0.00034333374698956864,0.006189910768658631,-0.0004800021648407038,0.6875,0.75,0.6666666666666666,3.25,0.75
rank_only,5,gtsrb,4,0.5,0.5833333333333333,0.0023633332717418742,0.07734329004081636,0.0012599974870681763,0.6875,0.5,0.625,3.25,0.75
rank_only,5,oxford_pets,4,0.75,0.6666666666666666,6.793455639175772e-05,0.0017663627716998863,-8.176565170286976e-05,0.6875,0.75,0.7083333333333333,3.25,0.75
rank_only,8,beans,4,0.5,0.6666666666666666,0.00425531695555445,0.156419883282777,-0.00390625,0.5,0.5,0.7083333333333334,6.0,0.5384615384615384
rank_only,8,dtd,4,0.75,0.8333333333333334,0.000740246574083947,0.03916502246685195,0.0018351107835769542,0.5,0.75,0.8333333333333334,6.0,0.5384615384615384
rank_only,8,eurosat,4,0.25,0.5,0.0010433363095919412,0.07528739129612905,0.0037963002920150535,0.5,0.25,0.5416666666666666,6.0,0.5384615384615384
rank_only,8,flowers102,4,0.25,0.41666666666666663,0.004166665077209475,0.16220321285733286,0.0030700027942657526,0.5,0.25,0.4583333333333333,6.0,0.5384615384615384
rank_only,8,food101,4,0.75,0.75,0.00034333374698956864,0.006189910768658631,-0.0004800021648407038,0.5,0.75,0.75,6.0,0.5384615384615384
rank_only,8,gtsrb,4,0.5,0.6666666666666666,0.0023633332717418742,0.07734329004081636,0.0012599974870681763,0.5,0.5,0.75,6.0,0.5384615384615384
rank_only,8,oxford_pets,4,0.75,0.8333333333333333,6.793455639175772e-05,0.0017663627716998863,-8.176565170286976e-05,0.5,0.75,0.7916666666666666,6.0,0.5384615384615384
