encoder,method,budget,configurations,merged_reff_mean,merged_reff_std,unique_lineages_mean,lineage_duplicate_count_mean,unique_datasets_mean,selected_alias_parent_pairs_mean,max_selected_sample_overlap_mean,selection_seconds_for_max_budget_mean,metric_seconds_mean
clip_b32,collapse,3,60,259.59822195433657,0.9781491629038674,2.966666666666667,0.03333333333333333,2.066666666666667,0.03333333333333333,0.0,2.3790086517420908,0.03886638637632132
clip_b32,collapse,5,60,277.25117130202034,0.7299544901389601,4.85,0.15,2.8666666666666667,0.15,0.013266666666666666,2.3790086517420908,0.040643272114296754
clip_b32,collapse,8,60,285.51936978905377,1.4370864012213194,7.35,0.65,3.0,0.65,0.17246666666666668,2.3790086517420908,0.04218758440886935
clip_b32,collapse,10,60,287.43144015381614,1.3170146260153222,8.75,1.25,3.0,1.25,0.43333333333333335,2.3790086517420908,0.04396776252736648
clip_b32,dpp_subspace,3,60,258.12801897230776,0.8917451173148092,3.0,0.0,3.0,0.0,0.0,0.008574673750748238,0.03898559333756566
clip_b32,dpp_subspace,5,60,277.06205378075197,0.6990851622579586,4.933333333333334,0.06666666666666667,3.0,0.06666666666666667,0.0,0.008574673750748238,0.04093715601290266
clip_b32,dpp_subspace,8,60,285.37132138370083,0.6603497566973506,7.65,0.35,3.0,0.35,0.018266666666666667,0.008574673750748238,0.0418779014920195
clip_b32,dpp_subspace,10,60,287.7765557977594,0.7635663968791582,9.516666666666667,0.48333333333333334,3.0,0.48333333333333334,0.025733333333333334,0.008574673750748238,0.04393300165732702
clip_b32,facility_subspace,3,60,202.83533407904173,1.2021185127706537,3.0,0.0,3.0,0.0,0.0,0.0016461859457194805,0.039181303201864165
clip_b32,facility_subspace,5,60,254.93803427779065,1.219052857347126,5.0,0.0,5.0,0.0,0.0,0.0016461859457194805,0.03998959837481379
clip_b32,facility_subspace,8,60,272.14053977669954,1.7066187059792792,7.833333333333333,0.16666666666666666,5.0,0.16666666666666666,0.008333333333333333,0.0016461859457194805,0.04185757009933392
clip_b32,facility_subspace,10,60,278.9792487378012,2.465226691588898,9.583333333333334,0.4166666666666667,5.0,0.4166666666666667,0.02493333333333333,0.0016461859457194805,0.043063365016132595
clip_b32,lineage_oracle,3,60,250.35006164613026,0.878759790506784,3.0,0.0,1.0,0.0,0.0,3.151238585511843e-05,0.03873912583415707
clip_b32,lineage_oracle,5,60,274.1181966862632,0.7937016258645131,5.0,0.0,2.0,0.0,0.0,3.151238585511843e-05,0.04056000343213479
clip_b32,lineage_oracle,8,60,284.5483902737821,0.4266237346129823,8.0,0.0,2.0,0.0,0.0,3.151238585511843e-05,0.04201225846384962
clip_b32,lineage_oracle,10,60,287.91529700637653,0.4413859396606978,10.0,0.0,3.0,0.0,0.0,3.151238585511843e-05,0.04366547024498383
clip_b32,rank_only,3,60,243.84105176352585,10.278533907812376,2.533333333333333,0.4666666666666667,1.0,0.4666666666666667,0.25079999999999997,2.536779890457789e-05,0.03855482451617718
clip_b32,rank_only,5,60,262.77382760547584,3.048630669598368,4.0,1.0,1.0,1.0,0.43333333333333335,2.536779890457789e-05,0.0401664015216132
clip_b32,rank_only,8,60,282.672234434223,2.2802711632673853,6.6,1.4,2.0,1.4,0.43333333333333335,2.536779890457789e-05,0.04224703659613927
clip_b32,rank_only,10,60,285.5388747578857,1.5074803761204445,8.0,2.0,2.0,2.0,0.43333333333333335,2.536779890457789e-05,0.04495209852854411
dinov2_b14,collapse,3,60,534.1914660218301,1.4499192742991962,3.0,0.0,2.0,0.0,0.0,4.357015847166379,0.07858280955503384
dinov2_b14,collapse,5,60,610.3476980624268,4.624896213678942,4.9,0.1,2.566666666666667,0.1,0.007466666666666666,4.357015847166379,0.08615770665928721
dinov2_b14,collapse,8,60,640.7081216041086,2.467019799051036,7.4,0.6,3.0,0.6,0.13986666666666667,4.357015847166379,0.08930110015595953
dinov2_b14,collapse,10,60,646.3555348622023,3.707455238069824,8.65,1.35,3.0,1.35,0.43333333333333335,4.357015847166379,0.09057327266782522
dinov2_b14,dpp_subspace,3,60,535.9932965788411,1.6308077030154045,3.0,0.0,2.9,0.0,0.0,0.008556476266433796,0.0780745136551559
dinov2_b14,dpp_subspace,5,60,613.9659165486181,0.8433085922106248,4.933333333333334,0.06666666666666667,3.0,0.06666666666666667,0.0033333333333333335,0.008556476266433796,0.08565162199859817
dinov2_b14,dpp_subspace,8,60,641.0451231787071,1.5234592075722815,7.45,0.55,3.0,0.55,0.07466666666666667,0.008556476266433796,0.08880940287684401
dinov2_b14,dpp_subspace,10,60,647.9149542413927,2.4581848855139072,9.233333333333333,0.7666666666666667,3.2,0.7666666666666667,0.14133333333333334,0.008556476266433796,0.09111512073626121
dinov2_b14,facility_subspace,3,60,447.04487879804947,1.6282158367057478,3.0,0.0,3.0,0.0,0.0,0.0016278908277551332,0.07764194095507264
dinov2_b14,facility_subspace,5,60,572.0604407882114,1.026923644934408,5.0,0.0,5.0,0.0,0.0,0.0016278908277551332,0.08561355816200375
dinov2_b14,facility_subspace,8,60,624.1373141709754,0.7293515523897626,7.85,0.15,5.0,0.15,0.005000000000000001,0.0016278908277551332,0.08844875140736501
dinov2_b14,facility_subspace,10,60,636.8450446730163,1.0252931854901701,9.45,0.55,5.0,0.55,0.06633333333333334,0.0016278908277551332,0.09020625731597344
dinov2_b14,lineage_oracle,3,60,527.3121585928279,0.9760113780280558,3.0,0.0,1.0,0.0,0.0,3.3653744806845984e-05,0.07880803753311436
dinov2_b14,lineage_oracle,5,60,604.3672335121898,0.9728259360517724,5.0,0.0,2.0,0.0,0.0,3.3653744806845984e-05,0.08586144729827841
dinov2_b14,lineage_oracle,8,60,628.1713487990913,0.8104055396790129,8.0,0.0,2.0,0.0,0.0,3.3653744806845984e-05,0.08822233406826854
dinov2_b14,lineage_oracle,10,60,648.2162430873451,0.6490327326329752,10.0,0.0,3.0,0.0,0.0,3.3653744806845984e-05,0.09059947216883302
dinov2_b14,rank_only,3,60,513.0268341853133,36.55723799261992,2.8,0.2,1.0,0.2,0.11006666666666667,2.4977605789899826e-05,0.07733991798013448
dinov2_b14,rank_only,5,60,586.7215770566039,10.185251706820365,4.0,1.0,1.0,1.0,0.43333333333333335,2.4977605789899826e-05,0.08587714213257035
dinov2_b14,rank_only,8,60,625.6964718330263,5.779519755450886,6.683333333333334,1.3166666666666667,2.0,1.3166666666666667,0.43333333333333335,2.4977605789899826e-05,0.08817390200371543
dinov2_b14,rank_only,10,60,631.4870662988957,4.547166369252096,8.0,2.0,2.0,2.0,0.43333333333333335,2.4977605789899826e-05,0.09042899167786042
resnet50,collapse,3,60,556.2997929526636,1.2526174464879432,2.95,0.05,2.0,0.05,0.0,19.020724285331866,0.08792569634194175
resnet50,collapse,5,60,819.2138231821025,30.85801032234,4.683333333333334,0.31666666666666665,2.0,0.31666666666666665,0.0774,19.020724285331866,0.22785705824693045
resnet50,collapse,8,60,1057.5835232871848,55.865625366885894,6.65,1.35,2.0,1.35,0.43333333333333335,19.020724285331866,0.5605668818267683
resnet50,collapse,10,60,1166.7088925247067,35.6417734248978,8.0,2.0,2.0,2.0,0.43333333333333335,19.020724285331866,0.6552532978045443
resnet50,dpp_subspace,3,60,555.9666088876085,1.5917262907807077,2.966666666666667,0.03333333333333333,2.0,0.03333333333333333,0.0,0.008876831705371539,0.08813274471710125
resnet50,dpp_subspace,5,60,825.112868202112,6.679443080237159,4.966666666666667,0.03333333333333333,3.716666666666667,0.03333333333333333,0.0,0.008876831705371539,0.22801390485838055
resnet50,dpp_subspace,8,60,1114.696276459622,3.727969034008168,7.75,0.25,4.0,0.25,0.012466666666666664,0.008876831705371539,0.5670565406170984
resnet50,dpp_subspace,10,60,1205.4032256533285,5.909100805594507,9.383333333333333,0.6166666666666667,4.0,0.6166666666666667,0.058,0.008876831705371539,0.6581058971273402
resnet50,facility_subspace,3,60,529.3516398344905,2.556373182066798,3.0,0.0,3.0,0.0,0.0,0.0016526870739956697,0.08878845712170005
resnet50,facility_subspace,5,60,766.4327865051639,2.76125495081306,5.0,0.0,5.0,0.0,0.0,0.0016526870739956697,0.22799633865555127
resnet50,facility_subspace,8,60,1083.6866377240306,5.39011285100194,7.766666666666667,0.23333333333333334,5.0,0.23333333333333334,0.006666666666666667,0.0016526870739956697,0.5706912977310519
resnet50,facility_subspace,10,60,1181.509662228855,5.156794539508543,9.583333333333334,0.4166666666666667,5.0,0.4166666666666667,0.019133333333333336,0.0016526870739956697,0.6618883088851969
resnet50,lineage_oracle,3,60,525.4531662793672,2.1288988298988616,3.0,0.0,1.0,0.0,0.0,4.101206238071124e-05,0.0886735759365062
resnet50,lineage_oracle,5,60,806.9757871914844,2.7822804352766286,5.0,0.0,2.0,0.0,0.0,4.101206238071124e-05,0.22808314564948282
resnet50,lineage_oracle,8,60,1121.5437332372485,2.666663749392302,8.0,0.0,2.0,0.0,0.0,4.101206238071124e-05,0.5674407760612666
resnet50,lineage_oracle,10,60,1215.1813235943362,2.1747347609266052,10.0,0.0,3.0,0.0,0.0,4.101206238071124e-05,0.6566371484349172
resnet50,rank_only,3,60,481.92849744209906,58.80727196368847,2.466666666666667,0.5333333333333333,1.0,0.5333333333333333,0.29013333333333335,2.838165188829104e-05,0.08902684530864159
resnet50,rank_only,5,60,707.7148152481954,42.10051321862509,4.0,1.0,1.0,1.0,0.43333333333333335,2.838165188829104e-05,0.21571361956497034
resnet50,rank_only,8,60,1054.1123466003396,59.1058453497759,6.6,1.4,2.0,1.4,0.43333333333333335,2.838165188829104e-05,0.5538917049455147
resnet50,rank_only,10,60,1166.7095852727773,35.640572706536645,8.0,2.0,2.0,2.0,0.43333333333333335,2.838165188829104e-05,0.6537729968316853
vit_b16,collapse,3,60,503.5414842328052,1.3255952221176854,2.95,0.05,2.0,0.05,0.0,3.972681613514821,0.07041894334057967
vit_b16,collapse,5,60,570.9599713625394,1.484430877270204,4.833333333333333,0.16666666666666666,2.0,0.16666666666666666,0.014933333333333331,3.972681613514821,0.07767112394794821
vit_b16,collapse,8,60,601.1852645886971,2.5253494433282118,7.516666666666667,0.48333333333333334,2.8,0.48333333333333334,0.07400000000000001,3.972681613514821,0.0808690325046579
vit_b16,collapse,10,60,607.7252481858626,2.4033735217149776,8.75,1.25,3.0,1.25,0.4,3.972681613514821,0.0828083126184841
vit_b16,dpp_subspace,3,60,507.3130348026058,0.7560271188500902,3.0,0.0,3.0,0.0,0.0,0.00858186511322856,0.07042929505308469
vit_b16,dpp_subspace,5,60,576.1951336941581,0.9112815939322192,4.933333333333334,0.06666666666666667,3.0,0.06666666666666667,0.0,0.00858186511322856,0.07801829433689515
vit_b16,dpp_subspace,8,60,597.7136338996271,0.8653384180687467,7.833333333333333,0.16666666666666666,4.0,0.16666666666666666,0.005000000000000001,0.00858186511322856,0.0810583562279741
vit_b16,dpp_subspace,10,60,606.699133968299,0.8402872553941281,9.7,0.3,4.0,0.3,0.012466666666666666,0.00858186511322856,0.08236510784675678
vit_b16,facility_subspace,3,60,425.187939836944,16.399680552399154,3.0,0.0,3.0,0.0,0.0,0.0016389078460633754,0.07001340137794614
vit_b16,facility_subspace,5,60,537.9047631889804,1.2527820497722084,5.0,0.0,5.0,0.0,0.0,0.0016389078460633754,0.07702573224281271
vit_b16,facility_subspace,8,60,582.5752692506272,2.990135604492585,7.883333333333334,0.11666666666666667,5.0,0.11666666666666667,0.0033333333333333335,0.0016389078460633754,0.08018911133209865
vit_b16,facility_subspace,10,60,597.1476656667903,0.979149184493938,9.766666666666667,0.23333333333333334,5.0,0.23333333333333334,0.006666666666666667,0.0016389078460633754,0.0823033930423359
vit_b16,lineage_oracle,3,60,499.2244026224882,9.260815181565347,3.0,0.0,1.85,0.0,0.0,3.28231913348039e-05,0.07018374443675081
vit_b16,lineage_oracle,5,60,569.007558735658,3.7002682545366836,5.0,0.0,2.0,0.0,0.0,3.28231913348039e-05,0.07721153258656462
vit_b16,lineage_oracle,8,60,598.1003442236573,0.8799511848082177,8.0,0.0,2.0,0.0,0.0,3.28231913348039e-05,0.0804145487335821
vit_b16,lineage_oracle,10,60,610.6736111472569,0.7751412108872013,10.0,0.0,3.0,0.0,0.0,3.28231913348039e-05,0.08261655823638042
vit_b16,rank_only,3,60,466.63011052677876,49.31154065442041,2.6333333333333333,0.36666666666666664,1.7166666666666666,0.36666666666666664,0.2518,2.457288404305776e-05,0.06973324085896214
vit_b16,rank_only,5,60,558.0887279882362,19.787702106076097,4.3,0.7,2.0,0.7,0.29006666666666664,2.457288404305776e-05,0.07759181146199505
vit_b16,rank_only,8,60,592.611028204386,6.106831083558293,6.816666666666666,1.1833333333333333,2.0,1.1833333333333333,0.3950666666666667,2.457288404305776e-05,0.08050019005313516
vit_b16,rank_only,10,60,601.2774307786328,4.230459481361016,8.0,2.0,2.0,2.0,0.43333333333333335,2.457288404305776e-05,0.08308630734682083
