encoder,target,candidate_sources,primary_oracles,distinct_primary_oracles,shared_tie_optimal_sources,has_shared_tie_optimal_source,pairwise_spearman_mean,pairwise_spearman_min,top1_margin_mean,top1_margin_min,utility_range_mean,source_split_std_mean
clip_b32,beans,21,20260905:cifar10|20260906:cifar10|20260907:cifar10,1,cifar10,True,0.8844155844155844,0.861038961038961,0.003932946901179994,0.0034816277442173416,0.02488716939892947,0.003362718114239548
clip_b32,dtd,21,20260905:tiny_imagenet|20260906:tiny_imagenet|20260907:tiny_imagenet,1,tiny_imagenet,True,0.9564844716271842,0.9373173602505138,0.0015248266855875843,0.0002659583091735307,0.02687943061192836,0.0010725147035928343
clip_b32,eurosat,21,20260905:tiny_imagenet|20260906:tiny_imagenet|20260907:tiny_imagenet,1,tiny_imagenet,True,0.9692640692640694,0.9675324675324676,0.0014400003155072099,0.0005200047755240522,0.013666665772596898,0.0005204306293030796
clip_b32,flowers102,21,20260905:cifar100|20260906:cifar100|20260907:cifar100,1,cifar100,True,0.9424242424242424,0.9363636363636364,0.0040522885322570685,0.0015686440467833629,0.0523529402414958,0.001959067863146368
clip_b32,food101,21,20260905:tiny_imagenet|20260906:tiny_imagenet|20260907:tiny_imagenet,1,tiny_imagenet,True,0.9688311688311688,0.9636363636363636,0.0020266699632008147,0.00180001218318937,0.028853330397605848,0.001027101810965637
clip_b32,gtsrb,21,20260905:tiny_imagenet|20260906:tiny_imagenet|20260907:tiny_imagenet,1,tiny_imagenet,True,0.9796536796536796,0.974025974025974,0.003599997664292679,0.0031999896073340306,0.023466659609476803,0.0006470727604561364
clip_b32,oxford_pets,21,20260905:tiny_imagenet|20260906:tiny_imagenet|20260907:tiny_imagenet,1,tiny_imagenet,True,0.9619047619047619,0.9571428571428572,0.00257246304465375,0.0013043595980043454,0.028804345866260312,0.0010636956102757537
dinov2_b14,beans,21,20260905:cifar10|20260906:organcmnist|20260907:mnist,3,,False,0.23376623376623376,0.04285714285714286,0.001676335848200113,0.0005802648556301193,0.013023854939112178,0.002339837532065209
dinov2_b14,dtd,21,20260905:tiny_imagenet|20260906:tiny_imagenet|20260907:tiny_imagenet,1,tiny_imagenet,True,0.9528008102611043,0.9386164834109442,0.004663124879201286,0.0028191471099854315,0.02588652133941649,0.000804841440879496
dinov2_b14,eurosat,21,20260905:cifar100|20260906:pathmnist|20260907:pathmnist,2,,False,0.9108225108225109,0.8688311688311688,0.0005333244967460719,5.030632577174288e-10,0.014453335015773727,0.0004547115711199321
dinov2_b14,flowers102,21,20260905:stl10|20260906:stl10|20260907:mnist,2,stl10,True,0.7236985285076631,0.6866254838005486,0.0001960770289103723,0.0,0.008562047481536883,0.00027204543887009706
dinov2_b14,food101,21,20260905:tiny_imagenet|20260906:tiny_imagenet|20260907:tiny_imagenet,1,tiny_imagenet,True,0.9532467532467533,0.9363636363636364,0.0025333301941553956,0.0020399989366531868,0.031466659394899975,0.000779299992194804
dinov2_b14,gtsrb,21,20260905:tiny_imagenet|20260906:tiny_imagenet|20260907:tiny_imagenet,1,tiny_imagenet,True,0.9575757575757576,0.9545454545454546,0.009853328681786863,0.009639997851848658,0.03668000397443764,0.0012570570076216583
dinov2_b14,oxford_pets,21,20260905:tiny_imagenet|20260906:tiny_imagenet|20260907:tiny_imagenet,1,tiny_imagenet,True,0.9497835497835498,0.9415584415584416,0.0026811582033617145,0.001956511165784769,0.017880433853985595,0.0004948303296055379
resnet50,beans,21,20260905:rendered_sst2|20260906:rendered_sst2|20260907:rendered_sst2,1,rendered_sst2,True,0.8675324675324676,0.8350649350649351,0.012185687845096105,0.009284329506599298,0.033010957657637584,0.0022213501518325855
resnet50,dtd,21,20260905:tiny_imagenet|20260906:tiny_imagenet|20260907:tiny_imagenet,1,tiny_imagenet,True,0.964935064935065,0.951948051948052,0.0044148874282837385,0.0037233996391297097,0.06907802025477094,0.0010438283566117795
resnet50,eurosat,21,20260905:tiny_imagenet|20260906:dermamnist|20260907:dermamnist,2,,False,0.9623376623376624,0.9493506493506494,0.0008533311231930796,0.0003600023174283873,0.014453331604003972,0.0006430771593000399
resnet50,flowers102,21,20260905:tiny_imagenet|20260906:tiny_imagenet|20260907:tiny_imagenet,1,tiny_imagenet,True,0.8735930735930736,0.8519480519480519,0.004183004697163891,0.0007843136787414329,0.03679738998413092,0.0031467424637534047
resnet50,food101,21,20260905:tiny_imagenet|20260906:tiny_imagenet|20260907:stl10,2,,False,0.9458874458874459,0.938961038961039,0.00045333761771519193,2.443790392270273e-09,0.06222667390108105,0.0013665597233594225
resnet50,gtsrb,21,20260905:tiny_imagenet|20260906:tiny_imagenet|20260907:tiny_imagenet,1,tiny_imagenet,True,0.9731601731601732,0.9688311688311688,0.007973336756229354,0.007280018062591487,0.047480001373291,0.0012896204260409965
resnet50,oxford_pets,21,20260905:tiny_imagenet|20260906:tiny_imagenet|20260907:tiny_imagenet,1,tiny_imagenet,True,0.9406926406926407,0.9246753246753247,0.003442034309972919,0.0020652198985866566,0.043894928130118784,0.0008325439926402242
vit_b16,beans,21,20260905:stl10|20260906:stl10|20260907:fashion_mnist,2,,False,0.7103896103896105,0.6454545454545455,0.0036105732161486235,0.0005802613508308907,0.027981941523973153,0.0026270079239541283
vit_b16,dtd,21,20260905:tiny_imagenet|20260906:tiny_imagenet|20260907:cifar100,2,,False,0.9251082251082251,0.9246753246753247,0.0009751717249552779,0.0002127528190613015,0.025797873338063604,0.0011290033887951369
vit_b16,eurosat,21,20260905:tiny_imagenet|20260906:tiny_imagenet|20260907:tiny_imagenet,1,tiny_imagenet,True,0.9813852813852814,0.9766233766233766,0.0013200117158889506,0.0011600156092643754,0.01934668383598322,0.0005315442571759319
vit_b16,flowers102,21,20260905:stl10|20260906:tiny_imagenet|20260907:stl10,2,,False,0.7841548035681462,0.7623376623376623,0.002941186428070064,0.00019608020782468927,0.048300655682881666,0.002891864943446421
vit_b16,food101,21,20260905:cifar100|20260906:cifar100|20260907:tiny_imagenet,2,,False,0.9125541125541125,0.9064935064935065,0.001613332748413095,0.000320006811618867,0.035666670215129835,0.0014091395714886852
vit_b16,gtsrb,21,20260905:tiny_imagenet|20260906:tiny_imagenet|20260907:tiny_imagenet,1,tiny_imagenet,True,0.9640692640692641,0.9597402597402598,0.005573328237533537,0.004440000131130217,0.042959998554388625,0.0008706637967672781
vit_b16,oxford_pets,21,20260905:tiny_imagenet|20260906:tiny_imagenet|20260907:tiny_imagenet,1,tiny_imagenet,True,0.8987012987012987,0.8792207792207792,0.0016666669906049147,0.0013043516777132558,0.013297104528848655,0.0006943762830937401
