encoder,target_domain,method,shortlist_size,shortlist_reduction,true_top_q_recall,selected_normalized_regret,best_shortlist_normalized_regret,screen_spearman_vs_test_brier
dinov2_b14,clipart,bayesian_d,10,0.978021978021978,0.0,0.0005911526583862577,0.0005911526583862577,0.4906062173393497
dinov2_b14,clipart,bayesian_d,25,0.945054945054945,0.1,0.0002143451304115019,0.0002143451304115019,0.4906062173393497
dinov2_b14,clipart,bayesian_d,50,0.8901098901098901,0.1,0.0002143451304115019,0.0002143451304115019,0.4906062173393497
dinov2_b14,clipart,bayesian_d,100,0.7802197802197802,0.3,0.00015852862499754456,0.00015852862499754456,0.4906062173393497
dinov2_b14,clipart,bayesian_d,227,0.5010989010989011,1.0,0.0,0.0,0.4906062173393497
dinov2_b14,clipart,domain_balance,10,0.978021978021978,0.0,0.0006050611143375409,0.0006050611143375409,-0.11472828122491929
dinov2_b14,clipart,domain_balance,25,0.945054945054945,0.0,0.0006050611143375409,0.0006050611143375409,-0.11472828122491929
dinov2_b14,clipart,domain_balance,50,0.8901098901098901,0.0,0.0003317554709787421,0.0003317554709787421,-0.11472828122491929
dinov2_b14,clipart,domain_balance,100,0.7802197802197802,0.0,0.0003317554709787421,0.0003317554709787421,-0.11472828122491929
dinov2_b14,clipart,domain_balance,227,0.5010989010989011,0.1,0.00025447817472788644,0.00025447817472788644,-0.11472828122491929
dinov2_b14,clipart,dpp_subspace,10,0.978021978021978,0.0,0.0010105598968776757,0.0010105598968776757,-0.07660777664255522
dinov2_b14,clipart,dpp_subspace,25,0.945054945054945,0.0,0.0009374742176327959,0.0009374742176327959,-0.07660777664255522
dinov2_b14,clipart,dpp_subspace,50,0.8901098901098901,0.0,0.0008668888408811088,0.0008668888408811088,-0.07660777664255522
dinov2_b14,clipart,dpp_subspace,100,0.7802197802197802,0.0,0.0008164963929966454,0.0008164963929966454,-0.07660777664255522
dinov2_b14,clipart,dpp_subspace,227,0.5010989010989011,0.2,0.0002143451304115019,0.0002143451304115019,-0.07660777664255522
dinov2_b14,clipart,merged_effective_rank,10,0.978021978021978,0.0,0.0005911526583862577,0.0005911526583862577,0.48683815604752306
dinov2_b14,clipart,merged_effective_rank,25,0.945054945054945,0.1,0.0002143451304115019,0.0002143451304115019,0.48683815604752306
dinov2_b14,clipart,merged_effective_rank,50,0.8901098901098901,0.1,0.0002143451304115019,0.0002143451304115019,0.48683815604752306
dinov2_b14,clipart,merged_effective_rank,100,0.7802197802197802,0.2,0.00015852862499754456,0.00015852862499754456,0.48683815604752306
dinov2_b14,clipart,merged_effective_rank,227,0.5010989010989011,1.0,0.0,0.0,0.48683815604752306
dinov2_b14,clipart,random,10,0.9780219780219779,0.025,0.0005383836338323045,0.0005299280517082533,0.011487988014767518
dinov2_b14,clipart,random,25,0.945054945054945,0.049999999999999996,0.00037296814297525175,0.0003694956364891749,0.011487988014767518
dinov2_b14,clipart,random,50,0.8901098901098902,0.09500000000000001,0.00025447575836524955,0.0002482923794889163,0.011487988014767518
dinov2_b14,clipart,random,100,0.7802197802197803,0.18,0.00015425674525824763,0.00015150247258416625,0.011487988014767518
dinov2_b14,clipart,random,227,0.5010989010989011,0.49000000000000005,6.986877590111865e-05,6.645983251917152e-05,0.011487988014767518
dinov2_b14,clipart,second_moment_mmd,10,0.978021978021978,0.1,0.00028938566874709846,0.00028938566874709846,0.5469998700580662
dinov2_b14,clipart,second_moment_mmd,25,0.945054945054945,0.4,0.0,0.0,0.5469998700580662
dinov2_b14,clipart,second_moment_mmd,50,0.8901098901098901,0.5,0.0,0.0,0.5469998700580662
dinov2_b14,clipart,second_moment_mmd,100,0.7802197802197802,0.9,0.0,0.0,0.5469998700580662
dinov2_b14,clipart,second_moment_mmd,227,0.5010989010989011,1.0,0.0,0.0,0.5469998700580662
dinov2_b14,clipart,target_a,10,0.978021978021978,0.2,0.00015852862499754456,0.00015852862499754456,0.633841083562855
dinov2_b14,clipart,target_a,25,0.945054945054945,0.3,0.00015852862499754456,0.00015852862499754456,0.633841083562855
dinov2_b14,clipart,target_a,50,0.8901098901098901,0.4,0.0,0.0,0.633841083562855
dinov2_b14,clipart,target_a,100,0.7802197802197802,0.8,0.0,0.0,0.633841083562855
dinov2_b14,clipart,target_a,227,0.5010989010989011,1.0,0.0,0.0,0.633841083562855
dinov2_b14,clipart,target_energy,10,0.978021978021978,0.0,0.0008584055792902786,0.0008584055792902786,-0.38295709623091956
dinov2_b14,clipart,target_energy,25,0.945054945054945,0.0,0.0008584055792902786,0.0008584055792902786,-0.38295709623091956
dinov2_b14,clipart,target_energy,50,0.8901098901098901,0.0,0.00030186467453320793,0.00030186467453320793,-0.38295709623091956
dinov2_b14,clipart,target_energy,100,0.7802197802197802,0.0,0.00030186467453320793,0.00030186467453320793,-0.38295709623091956
dinov2_b14,clipart,target_energy,227,0.5010989010989011,0.2,0.00024654969110336777,0.00024654969110336777,-0.38295709623091956
dinov2_b14,infograph,bayesian_d,10,0.978021978021978,0.0,0.00022384602013558492,0.00022384602013558492,0.48054960342231384
dinov2_b14,infograph,bayesian_d,25,0.945054945054945,0.0,0.0001832991171828497,0.0001832991171828497,0.48054960342231384
dinov2_b14,infograph,bayesian_d,50,0.8901098901098901,0.0,0.0001832991171828497,0.0001832991171828497,0.48054960342231384
dinov2_b14,infograph,bayesian_d,100,0.7802197802197802,0.2,7.995176370341277e-05,7.995176370341277e-05,0.48054960342231384
dinov2_b14,infograph,bayesian_d,227,0.5010989010989011,1.0,0.0,0.0,0.48054960342231384
dinov2_b14,infograph,domain_balance,10,0.978021978021978,0.0,0.0004633797227859888,0.0004633797227859888,0.113829770970972
dinov2_b14,infograph,domain_balance,25,0.945054945054945,0.0,0.0004633797227859888,0.0004455718808980033,0.113829770970972
dinov2_b14,infograph,domain_balance,50,0.8901098901098901,0.0,0.00029234284895199243,0.00027542956414574774,0.113829770970972
dinov2_b14,infograph,domain_balance,100,0.7802197802197802,0.1,0.00011671600987710524,0.00011671600987710524,0.113829770970972
dinov2_b14,infograph,domain_balance,227,0.5010989010989011,0.6,7.995176370341277e-05,7.995176370341277e-05,0.113829770970972
dinov2_b14,infograph,dpp_subspace,10,0.978021978021978,0.0,0.0007095756645733979,0.0007095756645733979,-0.2226605993125817
dinov2_b14,infograph,dpp_subspace,25,0.945054945054945,0.0,0.0006274335195822634,0.0006274335195822634,-0.2226605993125817
dinov2_b14,infograph,dpp_subspace,50,0.8901098901098901,0.0,0.0005417343273257905,0.0005417343273257905,-0.2226605993125817
dinov2_b14,infograph,dpp_subspace,100,0.7802197802197802,0.0,0.0001832991171828497,0.0001832991171828497,-0.2226605993125817
dinov2_b14,infograph,dpp_subspace,227,0.5010989010989011,0.0,0.0001832991171828497,0.0001832991171828497,-0.2226605993125817
dinov2_b14,infograph,merged_effective_rank,10,0.978021978021978,0.0,0.00032367789007624206,0.00032367789007624206,0.4677507051260819
dinov2_b14,infograph,merged_effective_rank,25,0.945054945054945,0.0,0.0001832991171828497,0.0001832991171828497,0.4677507051260819
dinov2_b14,infograph,merged_effective_rank,50,0.8901098901098901,0.0,0.0001832991171828497,0.0001832991171828497,0.4677507051260819
dinov2_b14,infograph,merged_effective_rank,100,0.7802197802197802,0.2,7.995176370341277e-05,7.995176370341277e-05,0.4677507051260819
dinov2_b14,infograph,merged_effective_rank,227,0.5010989010989011,0.9,0.0,0.0,0.4677507051260819
dinov2_b14,infograph,random,10,0.9780219780219779,0.015000000000000003,0.0003223003512219422,0.0003223003512219422,-0.014423962311743439
dinov2_b14,infograph,random,25,0.945054945054945,0.025,0.0002463019043694024,0.0002300835257943789,-0.014423962311743439
dinov2_b14,infograph,random,50,0.8901098901098902,0.07500000000000002,0.00013828077748475608,0.00013594112685206948,-0.014423962311743439
dinov2_b14,infograph,random,100,0.7802197802197803,0.19,8.670327686593156e-05,8.541000909800868e-05,-0.014423962311743439
dinov2_b14,infograph,random,227,0.5010989010989011,0.5349999999999999,4.4299025757231475e-05,4.065747899689747e-05,-0.014423962311743439
dinov2_b14,infograph,second_moment_mmd,10,0.978021978021978,0.2,0.0,0.0,0.7136819938697981
dinov2_b14,infograph,second_moment_mmd,25,0.945054945054945,0.6,0.0,0.0,0.7136819938697981
dinov2_b14,infograph,second_moment_mmd,50,0.8901098901098901,0.9,0.0,0.0,0.7136819938697981
dinov2_b14,infograph,second_moment_mmd,100,0.7802197802197802,1.0,0.0,0.0,0.7136819938697981
dinov2_b14,infograph,second_moment_mmd,227,0.5010989010989011,1.0,0.0,0.0,0.7136819938697981
dinov2_b14,infograph,target_a,10,0.978021978021978,0.0,0.00022384602013558492,0.00022384602013558492,0.6447317463431537
dinov2_b14,infograph,target_a,25,0.945054945054945,0.0,0.0001986252992843681,0.0001986252992843681,0.6447317463431537
dinov2_b14,infograph,target_a,50,0.8901098901098901,0.1,7.995176370341277e-05,7.995176370341277e-05,0.6447317463431537
dinov2_b14,infograph,target_a,100,0.7802197802197802,0.4,7.995176370341277e-05,7.995176370341277e-05,0.6447317463431537
dinov2_b14,infograph,target_a,227,0.5010989010989011,1.0,0.0,0.0,0.6447317463431537
dinov2_b14,infograph,target_energy,10,0.978021978021978,0.0,0.0007981851908081237,0.0007981851908081237,-0.12246721514052838
dinov2_b14,infograph,target_energy,25,0.945054945054945,0.0,0.0002938037319958205,0.0002938037319958205,-0.12246721514052838
dinov2_b14,infograph,target_energy,50,0.8901098901098901,0.0,0.00027305089951391225,0.00027305089951391225,-0.12246721514052838
dinov2_b14,infograph,target_energy,100,0.7802197802197802,0.3,0.0,0.0,-0.12246721514052838
dinov2_b14,infograph,target_energy,227,0.5010989010989011,0.7,0.0,0.0,-0.12246721514052838
dinov2_b14,painting,bayesian_d,10,0.978021978021978,0.0,0.00045015172103110915,0.00045015172103110915,0.6193663165028804
dinov2_b14,painting,bayesian_d,25,0.945054945054945,0.1,0.0002209324471545592,0.0002209324471545592,0.6193663165028804
dinov2_b14,painting,bayesian_d,50,0.8901098901098901,0.6,9.307837265984301e-05,9.307837265984301e-05,0.6193663165028804
dinov2_b14,painting,bayesian_d,100,0.7802197802197802,1.0,0.0,0.0,0.6193663165028804
dinov2_b14,painting,bayesian_d,227,0.5010989010989011,1.0,0.0,0.0,0.6193663165028804
dinov2_b14,painting,domain_balance,10,0.978021978021978,0.0,0.00060819459060438,0.00060819459060438,0.019535241016808372
dinov2_b14,painting,domain_balance,25,0.945054945054945,0.0,0.00060819459060438,0.00060819459060438,0.019535241016808372
dinov2_b14,painting,domain_balance,50,0.8901098901098901,0.2,6.837404117109089e-05,6.837404117109089e-05,0.019535241016808372
dinov2_b14,painting,domain_balance,100,0.7802197802197802,0.3,6.837404117109089e-05,6.837404117109089e-05,0.019535241016808372
dinov2_b14,painting,domain_balance,227,0.5010989010989011,0.6,9.307837265984301e-05,6.837404117109089e-05,0.019535241016808372
dinov2_b14,painting,dpp_subspace,10,0.978021978021978,0.0,0.0008726840379064,0.0008726840379064,0.08713689510118909
dinov2_b14,painting,dpp_subspace,25,0.945054945054945,0.0,0.0008726840379064,0.0008726840379064,0.08713689510118909
dinov2_b14,painting,dpp_subspace,50,0.8901098901098901,0.0,0.0005964318215800922,0.0005964318215800922,0.08713689510118909
dinov2_b14,painting,dpp_subspace,100,0.7802197802197802,0.1,0.0002209324471545592,0.0002209324471545592,0.08713689510118909
dinov2_b14,painting,dpp_subspace,227,0.5010989010989011,0.3,9.307837265984301e-05,9.307837265984301e-05,0.08713689510118909
dinov2_b14,painting,merged_effective_rank,10,0.978021978021978,0.0,0.00045015172103110915,0.00045015172103110915,0.6279799379845751
dinov2_b14,painting,merged_effective_rank,25,0.945054945054945,0.1,0.0002209324471545592,0.0002209324471545592,0.6279799379845751
dinov2_b14,painting,merged_effective_rank,50,0.8901098901098901,0.6,9.307837265984301e-05,9.307837265984301e-05,0.6279799379845751
dinov2_b14,painting,merged_effective_rank,100,0.7802197802197802,1.0,0.0,0.0,0.6279799379845751
dinov2_b14,painting,merged_effective_rank,227,0.5010989010989011,1.0,0.0,0.0,0.6279799379845751
dinov2_b14,painting,random,10,0.9780219780219779,0.015000000000000003,0.0006663216208920889,0.0006663216208920889,0.009488385484212054
dinov2_b14,painting,random,25,0.945054945054945,0.045,0.0003318988310648243,0.0003318988310648243,0.009488385484212054
dinov2_b14,painting,random,50,0.8901098901098902,0.12500000000000003,0.0001756383485437202,0.0001725691714103258,0.009488385484212054
dinov2_b14,painting,random,100,0.7802197802197803,0.265,0.00012256297270191947,0.00011672174893025777,0.009488385484212054
dinov2_b14,painting,random,227,0.5010989010989011,0.51,8.342904422661735e-05,7.783475933279331e-05,0.009488385484212054
dinov2_b14,painting,second_moment_mmd,10,0.978021978021978,0.4,9.307837265984301e-05,9.307837265984301e-05,0.6663207068841198
dinov2_b14,painting,second_moment_mmd,25,0.945054945054945,0.6,0.0,0.0,0.6663207068841198
dinov2_b14,painting,second_moment_mmd,50,0.8901098901098901,0.9,0.0,0.0,0.6663207068841198
dinov2_b14,painting,second_moment_mmd,100,0.7802197802197802,1.0,0.0,0.0,0.6663207068841198
dinov2_b14,painting,second_moment_mmd,227,0.5010989010989011,1.0,0.0,0.0,0.6663207068841198
dinov2_b14,painting,target_a,10,0.978021978021978,0.3,9.307837265984301e-05,9.307837265984301e-05,0.7563697026368021
dinov2_b14,painting,target_a,25,0.945054945054945,0.6,0.0,0.0,0.7563697026368021
dinov2_b14,painting,target_a,50,0.8901098901098901,0.9,0.0,0.0,0.7563697026368021
dinov2_b14,painting,target_a,100,0.7802197802197802,1.0,0.0,0.0,0.7563697026368021
dinov2_b14,painting,target_a,227,0.5010989010989011,1.0,0.0,0.0,0.7563697026368021
dinov2_b14,painting,target_energy,10,0.978021978021978,0.0,0.001179666967602072,0.001179666967602072,-0.09806832397836339
dinov2_b14,painting,target_energy,25,0.945054945054945,0.0,0.0011561432556670386,0.0011561432556670386,-0.09806832397836339
dinov2_b14,painting,target_energy,50,0.8901098901098901,0.0,0.0004891355314296494,0.0004891355314296494,-0.09806832397836339
dinov2_b14,painting,target_energy,100,0.7802197802197802,0.0,0.0004891355314296494,0.0004891355314296494,-0.09806832397836339
dinov2_b14,painting,target_energy,227,0.5010989010989011,0.5,0.0,0.0,-0.09806832397836339
dinov2_b14,quickdraw,bayesian_d,10,0.978021978021978,0.0,0.0003379031708130568,0.0003379031708130568,-0.3221321687818326
dinov2_b14,quickdraw,bayesian_d,25,0.945054945054945,0.0,0.0003325362995429367,0.0003231300000788766,-0.3221321687818326
dinov2_b14,quickdraw,bayesian_d,50,0.8901098901098901,0.0,0.0003325362995429367,0.0003231300000788766,-0.3221321687818326
dinov2_b14,quickdraw,bayesian_d,100,0.7802197802197802,0.0,0.0002139451533734073,0.0002043537343926293,-0.3221321687818326
dinov2_b14,quickdraw,bayesian_d,227,0.5010989010989011,0.0,0.00015037772861217788,0.00015037772861217788,-0.3221321687818326
dinov2_b14,quickdraw,domain_balance,10,0.978021978021978,0.0,0.0001691768721149031,0.0001691768721149031,0.24742485661799365
dinov2_b14,quickdraw,domain_balance,25,0.945054945054945,0.0,0.0001691768721149031,0.0001691768721149031,0.24742485661799365
dinov2_b14,quickdraw,domain_balance,50,0.8901098901098901,0.0,0.00016577164843068978,0.00016577164843068978,0.24742485661799365
dinov2_b14,quickdraw,domain_balance,100,0.7802197802197802,0.0,0.00016132020147593515,0.00016132020147593515,0.24742485661799365
dinov2_b14,quickdraw,domain_balance,227,0.5010989010989011,0.2,0.00010679916576624863,0.00010679916576624863,0.24742485661799365
dinov2_b14,quickdraw,dpp_subspace,10,0.978021978021978,0.0,0.00048245070047175036,0.00047780957146442726,-0.4854593702147609
dinov2_b14,quickdraw,dpp_subspace,25,0.945054945054945,0.0,0.0003231300000788766,0.0003231300000788766,-0.4854593702147609
dinov2_b14,quickdraw,dpp_subspace,50,0.8901098901098901,0.0,0.0002895030139003018,0.0002895030139003018,-0.4854593702147609
dinov2_b14,quickdraw,dpp_subspace,100,0.7802197802197802,0.0,0.0002970365372046176,0.0002670963150014737,-0.4854593702147609
dinov2_b14,quickdraw,dpp_subspace,227,0.5010989010989011,0.0,0.0002448673254444819,0.0002448673254444819,-0.4854593702147609
dinov2_b14,quickdraw,merged_effective_rank,10,0.978021978021978,0.0,0.0003231300000788766,0.0003231300000788766,-0.3500606395691024
dinov2_b14,quickdraw,merged_effective_rank,25,0.945054945054945,0.0,0.0003325362995429367,0.0003231300000788766,-0.3500606395691024
dinov2_b14,quickdraw,merged_effective_rank,50,0.8901098901098901,0.0,0.0003325362995429367,0.0003231300000788766,-0.3500606395691024
dinov2_b14,quickdraw,merged_effective_rank,100,0.7802197802197802,0.0,0.0002139451533734073,0.0002139451533734073,-0.3500606395691024
dinov2_b14,quickdraw,merged_effective_rank,227,0.5010989010989011,0.0,0.00015037772861217788,0.00015037772861217788,-0.3500606395691024
dinov2_b14,quickdraw,random,10,0.9780219780219779,0.025,0.00014545322421429026,0.000143574399049752,-0.001534474104610903
dinov2_b14,quickdraw,random,25,0.945054945054945,0.045,0.00011964413946660658,0.00011477783283082828,-0.001534474104610903
dinov2_b14,quickdraw,random,50,0.8901098901098902,0.09000000000000001,0.00010788752289531691,9.98421063523113e-05,-0.001534474104610903
dinov2_b14,quickdraw,random,100,0.7802197802197803,0.18,7.538156150194092e-05,6.474419375656497e-05,-0.001534474104610903
dinov2_b14,quickdraw,random,227,0.5010989010989011,0.4499999999999999,2.1517110073208846e-05,2.1517110073208846e-05,-0.001534474104610903
dinov2_b14,quickdraw,second_moment_mmd,10,0.978021978021978,0.3,6.88055800089955e-05,6.88055800089955e-05,0.6722226185592752
dinov2_b14,quickdraw,second_moment_mmd,25,0.945054945054945,0.7,0.0,0.0,0.6722226185592752
dinov2_b14,quickdraw,second_moment_mmd,50,0.8901098901098901,0.8,0.0,0.0,0.6722226185592752
dinov2_b14,quickdraw,second_moment_mmd,100,0.7802197802197802,0.9,0.0,0.0,0.6722226185592752
dinov2_b14,quickdraw,second_moment_mmd,227,0.5010989010989011,1.0,0.0,0.0,0.6722226185592752
dinov2_b14,quickdraw,target_a,10,0.978021978021978,0.1,0.00010674209287884727,0.00010674209287884727,0.5764900645378271
dinov2_b14,quickdraw,target_a,25,0.945054945054945,0.2,6.88055800089955e-05,6.88055800089955e-05,0.5764900645378271
dinov2_b14,quickdraw,target_a,50,0.8901098901098901,0.3,6.88055800089955e-05,6.88055800089955e-05,0.5764900645378271
dinov2_b14,quickdraw,target_a,100,0.7802197802197802,0.4,6.88055800089955e-05,6.88055800089955e-05,0.5764900645378271
dinov2_b14,quickdraw,target_a,227,0.5010989010989011,0.9,0.0,0.0,0.5764900645378271
dinov2_b14,quickdraw,target_energy,10,0.978021978021978,0.3,6.88055800089955e-05,6.88055800089955e-05,0.6492937273716314
dinov2_b14,quickdraw,target_energy,25,0.945054945054945,0.6,0.0,0.0,0.6492937273716314
dinov2_b14,quickdraw,target_energy,50,0.8901098901098901,0.8,0.0,0.0,0.6492937273716314
dinov2_b14,quickdraw,target_energy,100,0.7802197802197802,0.9,0.0,0.0,0.6492937273716314
dinov2_b14,quickdraw,target_energy,227,0.5010989010989011,1.0,0.0,0.0,0.6492937273716314
dinov2_b14,real,bayesian_d,10,0.978021978021978,0.3,0.0,0.0,0.8138914296924963
dinov2_b14,real,bayesian_d,25,0.945054945054945,0.4,0.0,0.0,0.8138914296924963
dinov2_b14,real,bayesian_d,50,0.8901098901098901,0.9,2.778909426920241e-06,0.0,0.8138914296924963
dinov2_b14,real,bayesian_d,100,0.7802197802197802,1.0,2.778909426920241e-06,0.0,0.8138914296924963
dinov2_b14,real,bayesian_d,227,0.5010989010989011,1.0,2.778909426920241e-06,0.0,0.8138914296924963
dinov2_b14,real,domain_balance,10,0.978021978021978,0.0,0.0007025563706108222,0.0007025563706108222,0.14301638542306291
dinov2_b14,real,domain_balance,25,0.945054945054945,0.0,0.0007025563706108222,0.0006797693574716821,0.14301638542306291
dinov2_b14,real,domain_balance,50,0.8901098901098901,0.0,0.00014775166726529478,0.00014775166726529478,0.14301638542306291
dinov2_b14,real,domain_balance,100,0.7802197802197802,0.2,2.778909426920241e-06,2.778909426920241e-06,0.14301638542306291
dinov2_b14,real,domain_balance,227,0.5010989010989011,0.3,2.778909426920241e-06,2.778909426920241e-06,0.14301638542306291
dinov2_b14,real,dpp_subspace,10,0.978021978021978,0.0,0.00112266381753942,0.00112266381753942,-0.13328539070482034
dinov2_b14,real,dpp_subspace,25,0.945054945054945,0.0,0.0010483369726082012,0.0010483369726082012,-0.13328539070482034
dinov2_b14,real,dpp_subspace,50,0.8901098901098901,0.0,0.0007609775086185811,0.0007609775086185811,-0.13328539070482034
dinov2_b14,real,dpp_subspace,100,0.7802197802197802,0.0,0.00016034011698715897,0.00016034011698715897,-0.13328539070482034
dinov2_b14,real,dpp_subspace,227,0.5010989010989011,0.3,0.0,0.0,-0.13328539070482034
dinov2_b14,real,merged_effective_rank,10,0.978021978021978,0.3,0.0,0.0,0.8096646224167671
dinov2_b14,real,merged_effective_rank,25,0.945054945054945,0.3,0.0,0.0,0.8096646224167671
dinov2_b14,real,merged_effective_rank,50,0.8901098901098901,0.8,2.778909426920241e-06,0.0,0.8096646224167671
dinov2_b14,real,merged_effective_rank,100,0.7802197802197802,1.0,2.778909426920241e-06,0.0,0.8096646224167671
dinov2_b14,real,merged_effective_rank,227,0.5010989010989011,1.0,2.778909426920241e-06,0.0,0.8096646224167671
dinov2_b14,real,random,10,0.9780219780219779,0.005,0.0004119745189518886,0.00039887646855769475,0.0004928875900357468
dinov2_b14,real,random,25,0.945054945054945,0.034999999999999996,0.00024537493603951676,0.0002171551062211343,0.0004928875900357468
dinov2_b14,real,random,50,0.8901098901098902,0.1,0.00010320139252994842,9.212089162681432e-05,0.0004928875900357468
dinov2_b14,real,random,100,0.7802197802197803,0.17500000000000002,6.311203646422328e-05,4.792354072958497e-05,0.0004928875900357468
dinov2_b14,real,random,227,0.5010989010989011,0.45500000000000007,1.0406396802498354e-05,8.53643331854335e-06,0.0004928875900357468
dinov2_b14,real,second_moment_mmd,10,0.978021978021978,0.5,2.778909426920241e-06,0.0,0.7890915020523182
dinov2_b14,real,second_moment_mmd,25,0.945054945054945,0.7,2.778909426920241e-06,0.0,0.7890915020523182
dinov2_b14,real,second_moment_mmd,50,0.8901098901098901,1.0,2.778909426920241e-06,0.0,0.7890915020523182
dinov2_b14,real,second_moment_mmd,100,0.7802197802197802,1.0,2.778909426920241e-06,0.0,0.7890915020523182
dinov2_b14,real,second_moment_mmd,227,0.5010989010989011,1.0,2.778909426920241e-06,0.0,0.7890915020523182
dinov2_b14,real,target_a,10,0.978021978021978,0.3,0.0,0.0,0.8404634086062326
dinov2_b14,real,target_a,25,0.945054945054945,0.6,2.778909426920241e-06,0.0,0.8404634086062326
dinov2_b14,real,target_a,50,0.8901098901098901,0.9,2.778909426920241e-06,0.0,0.8404634086062326
dinov2_b14,real,target_a,100,0.7802197802197802,1.0,2.778909426920241e-06,0.0,0.8404634086062326
dinov2_b14,real,target_a,227,0.5010989010989011,1.0,2.778909426920241e-06,0.0,0.8404634086062326
dinov2_b14,real,target_energy,10,0.978021978021978,0.0,0.0019421747976583038,0.0019421747976583038,-0.32363822127327807
dinov2_b14,real,target_energy,25,0.945054945054945,0.0,0.0009067064765803645,0.0009067064765803645,-0.32363822127327807
dinov2_b14,real,target_energy,50,0.8901098901098901,0.0,0.0006981319652872779,0.0006981319652872779,-0.32363822127327807
dinov2_b14,real,target_energy,100,0.7802197802197802,0.0,0.0001714579648529151,0.0001714579648529151,-0.32363822127327807
dinov2_b14,real,target_energy,227,0.5010989010989011,0.6,2.778909426920241e-06,2.778909426920241e-06,-0.32363822127327807
dinov2_b14,sketch,bayesian_d,10,0.978021978021978,0.0,0.000388695945493246,0.000388695945493246,0.5989431389385018
dinov2_b14,sketch,bayesian_d,25,0.945054945054945,0.0,0.000388695945493246,0.000388695945493246,0.5989431389385018
dinov2_b14,sketch,bayesian_d,50,0.8901098901098901,0.1,0.00014813763837567086,0.00014813763837567086,0.5989431389385018
dinov2_b14,sketch,bayesian_d,100,0.7802197802197802,0.4,9.748711496939278e-05,4.606444075875816e-05,0.5989431389385018
dinov2_b14,sketch,bayesian_d,227,0.5010989010989011,1.0,9.748711496939278e-05,0.0,0.5989431389385018
dinov2_b14,sketch,domain_balance,10,0.978021978021978,0.0,0.000582259221792971,0.0005528955032929203,0.22843129511341892
dinov2_b14,sketch,domain_balance,25,0.945054945054945,0.0,0.000582259221792971,0.0005528955032929203,0.22843129511341892
dinov2_b14,sketch,domain_balance,50,0.8901098901098901,0.0,0.00039018286251794225,0.0003801260622661918,0.22843129511341892
dinov2_b14,sketch,domain_balance,100,0.7802197802197802,0.2,0.0001613308807670316,0.00014813763837567086,0.22843129511341892
dinov2_b14,sketch,domain_balance,227,0.5010989010989011,0.2,0.0001613308807670316,0.00014813763837567086,0.22843129511341892
dinov2_b14,sketch,dpp_subspace,10,0.978021978021978,0.0,0.0010118521851683509,0.0010118521851683509,-0.09648876511848921
dinov2_b14,sketch,dpp_subspace,25,0.945054945054945,0.0,0.0010118521851683509,0.0009464998581761452,-0.09648876511848921
dinov2_b14,sketch,dpp_subspace,50,0.8901098901098901,0.0,0.0007517452525438949,0.0007517452525438949,-0.09648876511848921
dinov2_b14,sketch,dpp_subspace,100,0.7802197802197802,0.0,0.0005232071085368201,0.0005232071085368201,-0.09648876511848921
dinov2_b14,sketch,dpp_subspace,227,0.5010989010989011,0.1,0.0001613308807670316,0.0001613308807670316,-0.09648876511848921
dinov2_b14,sketch,merged_effective_rank,10,0.978021978021978,0.0,0.0004597648405451125,0.0004597648405451125,0.5912091733909495
dinov2_b14,sketch,merged_effective_rank,25,0.945054945054945,0.0,0.000388695945493246,0.000388695945493246,0.5912091733909495
dinov2_b14,sketch,merged_effective_rank,50,0.8901098901098901,0.1,0.00014813763837567086,0.00014813763837567086,0.5912091733909495
dinov2_b14,sketch,merged_effective_rank,100,0.7802197802197802,0.4,9.748711496939278e-05,4.606444075875816e-05,0.5912091733909495
dinov2_b14,sketch,merged_effective_rank,227,0.5010989010989011,1.0,9.748711496939278e-05,0.0,0.5912091733909495
dinov2_b14,sketch,random,10,0.9780219780219779,0.02,0.00041025004985552566,0.00041025004985552566,-0.009582950089558019
dinov2_b14,sketch,random,25,0.945054945054945,0.05,0.00027855035277646166,0.00027555362029562123,-0.009582950089558019
dinov2_b14,sketch,random,50,0.8901098901098902,0.11500000000000002,0.00019898348431232515,0.00019159517175145794,-0.009582950089558019
dinov2_b14,sketch,random,100,0.7802197802197803,0.24500000000000002,0.00010359539142184098,8.109159776172688e-05,-0.009582950089558019
dinov2_b14,sketch,random,227,0.5010989010989011,0.5299999999999999,8.555500919636751e-05,2.6910326728537256e-05,-0.009582950089558019
dinov2_b14,sketch,second_moment_mmd,10,0.978021978021978,0.4,8.355221942170895e-05,0.0,0.7972123633380299
dinov2_b14,sketch,second_moment_mmd,25,0.945054945054945,0.5,8.355221942170895e-05,0.0,0.7972123633380299
dinov2_b14,sketch,second_moment_mmd,50,0.8901098901098901,0.9,9.748711496939278e-05,0.0,0.7972123633380299
dinov2_b14,sketch,second_moment_mmd,100,0.7802197802197802,1.0,9.748711496939278e-05,0.0,0.7972123633380299
dinov2_b14,sketch,second_moment_mmd,227,0.5010989010989011,1.0,9.748711496939278e-05,0.0,0.7972123633380299
dinov2_b14,sketch,target_a,10,0.978021978021978,0.1,0.00014813763837567086,0.00014813763837567086,0.7481168611124558
dinov2_b14,sketch,target_a,25,0.945054945054945,0.2,0.0001613308807670316,0.00014813763837567086,0.7481168611124558
dinov2_b14,sketch,target_a,50,0.8901098901098901,0.6,9.748711496939278e-05,0.0,0.7481168611124558
dinov2_b14,sketch,target_a,100,0.7802197802197802,0.9,9.748711496939278e-05,0.0,0.7481168611124558
dinov2_b14,sketch,target_a,227,0.5010989010989011,1.0,9.748711496939278e-05,0.0,0.7481168611124558
dinov2_b14,sketch,target_energy,10,0.978021978021978,0.0,0.001480642690327211,0.001480642690327211,-0.40985673264829303
dinov2_b14,sketch,target_energy,25,0.945054945054945,0.0,0.0013327725330344556,0.0013327725330344556,-0.40985673264829303
dinov2_b14,sketch,target_energy,50,0.8901098901098901,0.0,0.0007038375315108459,0.0007038375315108459,-0.40985673264829303
dinov2_b14,sketch,target_energy,100,0.7802197802197802,0.0,0.0006057506871227282,0.0005529073120950519,-0.40985673264829303
dinov2_b14,sketch,target_energy,227,0.5010989010989011,0.0,0.0005232071085368201,0.00048200667797581974,-0.40985673264829303
resnet50,clipart,bayesian_d,10,0.978021978021978,0.1,0.00016287373107335125,0.00016287373107335125,0.5232416435871108
resnet50,clipart,bayesian_d,25,0.945054945054945,0.1,0.00016287373107335125,0.00016287373107335125,0.5232416435871108
resnet50,clipart,bayesian_d,50,0.8901098901098901,0.3,0.0,0.0,0.5232416435871108
resnet50,clipart,bayesian_d,100,0.7802197802197802,0.5,0.0,0.0,0.5232416435871108
resnet50,clipart,bayesian_d,227,0.5010989010989011,0.9,2.4873852278509225e-05,0.0,0.5232416435871108
resnet50,clipart,domain_balance,10,0.978021978021978,0.0,0.0004563142087936004,0.0004563142087936004,-0.09316237900749841
resnet50,clipart,domain_balance,25,0.945054945054945,0.0,0.0003574322413083237,0.0003574322413083237,-0.09316237900749841
resnet50,clipart,domain_balance,50,0.8901098901098901,0.1,0.00011896741217270043,0.00011896741217270043,-0.09316237900749841
resnet50,clipart,domain_balance,100,0.7802197802197802,0.1,0.00011896741217270043,0.00011896741217270043,-0.09316237900749841
resnet50,clipart,domain_balance,227,0.5010989010989011,0.2,0.0001092247804679851,0.0001092247804679851,-0.09316237900749841
resnet50,clipart,dpp_subspace,10,0.978021978021978,0.0,0.0005075882204601237,0.0005075882204601237,0.06654479302288252
resnet50,clipart,dpp_subspace,25,0.945054945054945,0.0,0.00028856404106927835,0.00028856404106927835,0.06654479302288252
resnet50,clipart,dpp_subspace,50,0.8901098901098901,0.0,0.00028856404106927835,0.00028856404106927835,0.06654479302288252
resnet50,clipart,dpp_subspace,100,0.7802197802197802,0.1,0.0,0.0,0.06654479302288252
resnet50,clipart,dpp_subspace,227,0.5010989010989011,0.2,0.0,0.0,0.06654479302288252
resnet50,clipart,merged_effective_rank,10,0.978021978021978,0.1,0.00016287373107335125,0.00016287373107335125,0.5225684934124535
resnet50,clipart,merged_effective_rank,25,0.945054945054945,0.1,0.00016287373107335125,0.00016287373107335125,0.5225684934124535
resnet50,clipart,merged_effective_rank,50,0.8901098901098901,0.3,0.0,0.0,0.5225684934124535
resnet50,clipart,merged_effective_rank,100,0.7802197802197802,0.5,0.0,0.0,0.5225684934124535
resnet50,clipart,merged_effective_rank,227,0.5010989010989011,0.9,2.4873852278509225e-05,0.0,0.5225684934124535
resnet50,clipart,random,10,0.9780219780219779,0.015000000000000003,0.0002667756194614365,0.00026249578494629363,-0.007721086008820764
resnet50,clipart,random,25,0.945054945054945,0.045,0.00018212341427647748,0.00018086772966164082,-0.007721086008820764
resnet50,clipart,random,50,0.8901098901098902,0.08000000000000002,0.00013586136631573432,0.00013415509436310184,-0.007721086008820764
resnet50,clipart,random,100,0.7802197802197803,0.18500000000000003,7.533894888704213e-05,7.41706984532557e-05,-0.007721086008820764
resnet50,clipart,random,227,0.5010989010989011,0.425,2.7924509765776817e-05,1.882314389967581e-05,-0.007721086008820764
resnet50,clipart,second_moment_mmd,10,0.978021978021978,0.1,0.00011896741217270043,0.00011896741217270043,0.5257258276154636
resnet50,clipart,second_moment_mmd,25,0.945054945054945,0.2,0.00013268302993972212,0.00011896741217270043,0.5257258276154636
resnet50,clipart,second_moment_mmd,50,0.8901098901098901,0.5,1.4796724848516145e-05,1.4796724848516145e-05,0.5257258276154636
resnet50,clipart,second_moment_mmd,100,0.7802197802197802,0.8,2.4873852278509225e-05,0.0,0.5257258276154636
resnet50,clipart,second_moment_mmd,227,0.5010989010989011,0.9,2.4873852278509225e-05,0.0,0.5257258276154636
resnet50,clipart,target_a,10,0.978021978021978,0.0,0.00019688292136819854,0.00019688292136819854,0.6065627046266973
resnet50,clipart,target_a,25,0.945054945054945,0.4,0.0,0.0,0.6065627046266973
resnet50,clipart,target_a,50,0.8901098901098901,0.5,0.0,0.0,0.6065627046266973
resnet50,clipart,target_a,100,0.7802197802197802,0.6,0.0,0.0,0.6065627046266973
resnet50,clipart,target_a,227,0.5010989010989011,0.9,2.4873852278509225e-05,0.0,0.6065627046266973
resnet50,clipart,target_energy,10,0.978021978021978,0.0,0.0003842926505457925,0.0003842926505457925,-0.2031666339688598
resnet50,clipart,target_energy,25,0.945054945054945,0.0,0.00036494063932726036,0.00036494063932726036,-0.2031666339688598
resnet50,clipart,target_energy,50,0.8901098901098901,0.0,0.00036494063932726036,0.00036494063932726036,-0.2031666339688598
resnet50,clipart,target_energy,100,0.7802197802197802,0.0,0.00036494063932726036,0.00036494063932726036,-0.2031666339688598
resnet50,clipart,target_energy,227,0.5010989010989011,0.5,2.4873852278509225e-05,2.4873852278509225e-05,-0.2031666339688598
resnet50,infograph,bayesian_d,10,0.978021978021978,0.2,3.7849338011294894e-05,3.7849338011294894e-05,0.5885723712874188
resnet50,infograph,bayesian_d,25,0.945054945054945,0.3,1.5364802119675422e-06,1.5364802119675422e-06,0.5885723712874188
resnet50,infograph,bayesian_d,50,0.8901098901098901,0.6,1.5364802119675422e-06,1.5364802119675422e-06,0.5885723712874188
resnet50,infograph,bayesian_d,100,0.7802197802197802,0.7,1.5364802119675422e-06,1.5364802119675422e-06,0.5885723712874188
resnet50,infograph,bayesian_d,227,0.5010989010989011,1.0,1.5364802119675422e-06,0.0,0.5885723712874188
resnet50,infograph,domain_balance,10,0.978021978021978,0.0,0.0003031155085576421,0.0002790143522719478,0.05453612003577225
resnet50,infograph,domain_balance,25,0.945054945054945,0.0,0.00021007337877852218,0.00021007337877852218,0.05453612003577225
resnet50,infograph,domain_balance,50,0.8901098901098901,0.0,0.0001183204570257711,0.0001183204570257711,0.05453612003577225
resnet50,infograph,domain_balance,100,0.7802197802197802,0.0,6.679456850260122e-05,6.679456850260122e-05,0.05453612003577225
resnet50,infograph,domain_balance,227,0.5010989010989011,0.3,1.4366956335341912e-05,0.0,0.05453612003577225
resnet50,infograph,dpp_subspace,10,0.978021978021978,0.0,0.00021806606492926414,0.00021806606492926414,-0.00035746771197733406
resnet50,infograph,dpp_subspace,25,0.945054945054945,0.0,0.0001754512035333947,0.0001754512035333947,-0.00035746771197733406
resnet50,infograph,dpp_subspace,50,0.8901098901098901,0.1,2.2246398055119987e-05,2.2246398055119987e-05,-0.00035746771197733406
resnet50,infograph,dpp_subspace,100,0.7802197802197802,0.1,2.2246398055119987e-05,2.2246398055119987e-05,-0.00035746771197733406
resnet50,infograph,dpp_subspace,227,0.5010989010989011,0.5,1.5364802119675422e-06,1.5364802119675422e-06,-0.00035746771197733406
resnet50,infograph,merged_effective_rank,10,0.978021978021978,0.2,3.7849338011294894e-05,3.7849338011294894e-05,0.5837673224063208
resnet50,infograph,merged_effective_rank,25,0.945054945054945,0.3,1.5364802119675422e-06,1.5364802119675422e-06,0.5837673224063208
resnet50,infograph,merged_effective_rank,50,0.8901098901098901,0.6,1.5364802119675422e-06,1.5364802119675422e-06,0.5837673224063208
resnet50,infograph,merged_effective_rank,100,0.7802197802197802,0.7,1.5364802119675422e-06,1.5364802119675422e-06,0.5837673224063208
resnet50,infograph,merged_effective_rank,227,0.5010989010989011,1.0,1.5364802119675422e-06,0.0,0.5837673224063208
resnet50,infograph,random,10,0.9780219780219779,0.01,0.00014833805226258085,0.0001430776526204272,-0.0028304028454735615
resnet50,infograph,random,25,0.945054945054945,0.06,7.293050518692941e-05,7.102997192340066e-05,-0.0028304028454735615
resnet50,infograph,random,50,0.8901098901098902,0.12500000000000006,3.984332253925324e-05,3.926076498408126e-05,-0.0028304028454735615
resnet50,infograph,random,100,0.7802197802197803,0.24,2.4812909833672285e-05,2.3940913995708434e-05,-0.0028304028454735615
resnet50,infograph,random,227,0.5010989010989011,0.525,6.6614430059296275e-06,3.968631481439698e-06,-0.0028304028454735615
resnet50,infograph,second_moment_mmd,10,0.978021978021978,0.0,7.46079861470342e-05,7.46079861470342e-05,0.6630827322457279
resnet50,infograph,second_moment_mmd,25,0.945054945054945,0.0,7.46079861470342e-05,7.113961693920432e-05,0.6630827322457279
resnet50,infograph,second_moment_mmd,50,0.8901098901098901,0.2,1.4366956335341912e-05,0.0,0.6630827322457279
resnet50,infograph,second_moment_mmd,100,0.7802197802197802,0.6,1.4366956335341912e-05,0.0,0.6630827322457279
resnet50,infograph,second_moment_mmd,227,0.5010989010989011,1.0,1.5364802119675422e-06,0.0,0.6630827322457279
resnet50,infograph,target_a,10,0.978021978021978,0.2,1.5364802119675422e-06,1.5364802119675422e-06,0.7137901514205711
resnet50,infograph,target_a,25,0.945054945054945,0.3,1.5364802119675422e-06,1.5364802119675422e-06,0.7137901514205711
resnet50,infograph,target_a,50,0.8901098901098901,0.6,1.5364802119675422e-06,1.5364802119675422e-06,0.7137901514205711
resnet50,infograph,target_a,100,0.7802197802197802,0.9,1.5364802119675422e-06,0.0,0.7137901514205711
resnet50,infograph,target_a,227,0.5010989010989011,1.0,1.5364802119675422e-06,0.0,0.7137901514205711
resnet50,infograph,target_energy,10,0.978021978021978,0.0,7.861237030431492e-05,7.861237030431492e-05,0.22144271216842512
resnet50,infograph,target_energy,25,0.945054945054945,0.0,7.861237030431492e-05,7.861237030431492e-05,0.22144271216842512
resnet50,infograph,target_energy,50,0.8901098901098901,0.0,7.861237030431492e-05,7.861237030431492e-05,0.22144271216842512
resnet50,infograph,target_energy,100,0.7802197802197802,0.1,1.4366956335341912e-05,1.4366956335341912e-05,0.22144271216842512
resnet50,infograph,target_energy,227,0.5010989010989011,0.3,1.4366956335341912e-05,0.0,0.22144271216842512
resnet50,painting,bayesian_d,10,0.978021978021978,0.2,0.000128576278993883,9.721248351810522e-05,0.7788499119707095
resnet50,painting,bayesian_d,25,0.945054945054945,0.7,0.0,0.0,0.7788499119707095
resnet50,painting,bayesian_d,50,0.8901098901098901,0.7,0.0,0.0,0.7788499119707095
resnet50,painting,bayesian_d,100,0.7802197802197802,0.8,0.0,0.0,0.7788499119707095
resnet50,painting,bayesian_d,227,0.5010989010989011,1.0,0.0,0.0,0.7788499119707095
resnet50,painting,domain_balance,10,0.978021978021978,0.0,0.00036471085952323386,0.00036471085952323386,-0.09201519556261036
resnet50,painting,domain_balance,25,0.945054945054945,0.0,0.0002933152445126818,0.0002933152445126818,-0.09201519556261036
resnet50,painting,domain_balance,50,0.8901098901098901,0.0,0.0002298075903600484,0.0002298075903600484,-0.09201519556261036
resnet50,painting,domain_balance,100,0.7802197802197802,0.0,0.0002298075903600484,0.0002298075903600484,-0.09201519556261036
resnet50,painting,domain_balance,227,0.5010989010989011,0.0,0.0002298075903600484,0.0002298075903600484,-0.09201519556261036
resnet50,painting,dpp_subspace,10,0.978021978021978,0.2,0.00016311293699017328,0.00016311293699017328,0.34395680832036035
resnet50,painting,dpp_subspace,25,0.945054945054945,0.2,0.00016311293699017328,0.00016311293699017328,0.34395680832036035
resnet50,painting,dpp_subspace,50,0.8901098901098901,0.4,0.0,0.0,0.34395680832036035
resnet50,painting,dpp_subspace,100,0.7802197802197802,0.7,0.0,0.0,0.34395680832036035
resnet50,painting,dpp_subspace,227,0.5010989010989011,1.0,0.0,0.0,0.34395680832036035
resnet50,painting,merged_effective_rank,10,0.978021978021978,0.2,0.000128576278993883,9.721248351810522e-05,0.7845163994364087
resnet50,painting,merged_effective_rank,25,0.945054945054945,0.7,0.0,0.0,0.7845163994364087
resnet50,painting,merged_effective_rank,50,0.8901098901098901,0.7,0.0,0.0,0.7845163994364087
resnet50,painting,merged_effective_rank,100,0.7802197802197802,0.8,0.0,0.0,0.7845163994364087
resnet50,painting,merged_effective_rank,227,0.5010989010989011,1.0,0.0,0.0,0.7845163994364087
resnet50,painting,random,10,0.9780219780219779,0.034999999999999996,0.00037262713097462345,0.00036879452217561566,0.02814151186166025
resnet50,painting,random,25,0.945054945054945,0.07500000000000001,0.00015509323398393658,0.00015402590940749122,0.02814151186166025
resnet50,painting,random,50,0.8901098901098902,0.12000000000000002,0.000140816257847307,0.00012915878709343176,0.02814151186166025
resnet50,painting,random,100,0.7802197802197803,0.22000000000000003,0.00010230217912655774,7.485732617780146e-05,0.02814151186166025
resnet50,painting,random,227,0.5010989010989011,0.505,4.68050224452075e-05,3.618666914677271e-05,0.02814151186166025
resnet50,painting,second_moment_mmd,10,0.978021978021978,0.3,0.0,0.0,0.7337394231087716
resnet50,painting,second_moment_mmd,25,0.945054945054945,0.5,0.0,0.0,0.7337394231087716
resnet50,painting,second_moment_mmd,50,0.8901098901098901,0.7,0.0,0.0,0.7337394231087716
resnet50,painting,second_moment_mmd,100,0.7802197802197802,0.8,0.0,0.0,0.7337394231087716
resnet50,painting,second_moment_mmd,227,0.5010989010989011,1.0,0.0,0.0,0.7337394231087716
resnet50,painting,target_a,10,0.978021978021978,0.4,0.0,0.0,0.827745915109699
resnet50,painting,target_a,25,0.945054945054945,0.7,0.0,0.0,0.827745915109699
resnet50,painting,target_a,50,0.8901098901098901,0.7,0.0,0.0,0.827745915109699
resnet50,painting,target_a,100,0.7802197802197802,0.8,0.0,0.0,0.827745915109699
resnet50,painting,target_a,227,0.5010989010989011,1.0,0.0,0.0,0.827745915109699
resnet50,painting,target_energy,10,0.978021978021978,0.0,0.0012207482674100139,0.0012207482674100139,-0.23278205680246022
resnet50,painting,target_energy,25,0.945054945054945,0.0,0.0012207482674100139,0.0012207482674100139,-0.23278205680246022
resnet50,painting,target_energy,50,0.8901098901098901,0.0,0.0011218820266270795,0.0011218820266270795,-0.23278205680246022
resnet50,painting,target_energy,100,0.7802197802197802,0.0,0.0002298075903600484,0.0002298075903600484,-0.23278205680246022
resnet50,painting,target_energy,227,0.5010989010989011,0.1,0.00014216247711432056,0.00014216247711432056,-0.23278205680246022
resnet50,quickdraw,bayesian_d,10,0.978021978021978,0.0,0.00015426285674882153,0.00013652001988989765,-0.273725613593455
resnet50,quickdraw,bayesian_d,25,0.945054945054945,0.0,0.00012548760206333826,0.00011738804442031506,-0.273725613593455
resnet50,quickdraw,bayesian_d,50,0.8901098901098901,0.0,7.605701506138146e-05,7.605701506138146e-05,-0.273725613593455
resnet50,quickdraw,bayesian_d,100,0.7802197802197802,0.0,6.250640981927041e-05,5.796215374506404e-05,-0.273725613593455
resnet50,quickdraw,bayesian_d,227,0.5010989010989011,0.0,3.3993454572187385e-05,3.3993454572187385e-05,-0.273725613593455
resnet50,quickdraw,domain_balance,10,0.978021978021978,0.0,5.058280304409225e-05,5.058280304409225e-05,0.11607789381960493
resnet50,quickdraw,domain_balance,25,0.945054945054945,0.0,5.058280304409225e-05,5.058280304409225e-05,0.11607789381960493
resnet50,quickdraw,domain_balance,50,0.8901098901098901,0.0,3.149867120366316e-05,3.149867120366316e-05,0.11607789381960493
resnet50,quickdraw,domain_balance,100,0.7802197802197802,0.0,3.149867120366316e-05,3.149867120366316e-05,0.11607789381960493
resnet50,quickdraw,domain_balance,227,0.5010989010989011,0.2,2.2803243550821063e-05,2.2803243550821063e-05,0.11607789381960493
resnet50,quickdraw,dpp_subspace,10,0.978021978021978,0.0,6.415827863568606e-05,6.415827863568606e-05,-0.33078120581018794
resnet50,quickdraw,dpp_subspace,25,0.945054945054945,0.0,6.415827863568606e-05,6.415827863568606e-05,-0.33078120581018794
resnet50,quickdraw,dpp_subspace,50,0.8901098901098901,0.0,6.415827863568606e-05,6.415827863568606e-05,-0.33078120581018794
resnet50,quickdraw,dpp_subspace,100,0.7802197802197802,0.0,6.415827863568606e-05,6.250640981927041e-05,-0.33078120581018794
resnet50,quickdraw,dpp_subspace,227,0.5010989010989011,0.0,6.415827863568606e-05,4.552308877813699e-05,-0.33078120581018794
resnet50,quickdraw,merged_effective_rank,10,0.978021978021978,0.0,0.00015426285674882153,0.00013652001988989765,-0.2818501693066961
resnet50,quickdraw,merged_effective_rank,25,0.945054945054945,0.0,0.00012548760206333826,0.00011741206471395275,-0.2818501693066961
resnet50,quickdraw,merged_effective_rank,50,0.8901098901098901,0.0,0.00010819495869929336,9.896353129829827e-05,-0.2818501693066961
resnet50,quickdraw,merged_effective_rank,100,0.7802197802197802,0.0,6.250640981927041e-05,6.250640981927041e-05,-0.2818501693066961
resnet50,quickdraw,merged_effective_rank,227,0.5010989010989011,0.0,6.415827863568606e-05,4.139196085349681e-05,-0.2818501693066961
resnet50,quickdraw,random,10,0.9780219780219779,0.025,6.497079552319441e-05,5.340657952144853e-05,0.00346795912179636
resnet50,quickdraw,random,25,0.945054945054945,0.06000000000000001,4.0718012447034165e-05,3.2439750073995474e-05,0.00346795912179636
resnet50,quickdraw,random,50,0.8901098901098902,0.12500000000000003,2.4404900894472912e-05,2.0257551556055923e-05,0.00346795912179636
resnet50,quickdraw,random,100,0.7802197802197803,0.21999999999999997,2.606055963579251e-05,1.3066418733263526e-05,0.00346795912179636
resnet50,quickdraw,random,227,0.5010989010989011,0.47000000000000003,2.246272778737378e-05,4.951090438459058e-06,0.00346795912179636
resnet50,quickdraw,second_moment_mmd,10,0.978021978021978,0.3,1.3774873636286305e-05,0.0,0.7399345958933253
resnet50,quickdraw,second_moment_mmd,25,0.945054945054945,0.4,1.3774873636286305e-05,0.0,0.7399345958933253
resnet50,quickdraw,second_moment_mmd,50,0.8901098901098901,0.7,2.2803243550821063e-05,0.0,0.7399345958933253
resnet50,quickdraw,second_moment_mmd,100,0.7802197802197802,0.8,2.2803243550821063e-05,0.0,0.7399345958933253
resnet50,quickdraw,second_moment_mmd,227,0.5010989010989011,1.0,2.2803243550821063e-05,0.0,0.7399345958933253
resnet50,quickdraw,target_a,10,0.978021978021978,0.2,1.3774873636286305e-05,1.3774873636286305e-05,0.8071836232397327
resnet50,quickdraw,target_a,25,0.945054945054945,0.4,1.3774873636286305e-05,0.0,0.8071836232397327
resnet50,quickdraw,target_a,50,0.8901098901098901,0.6,2.2803243550821063e-05,0.0,0.8071836232397327
resnet50,quickdraw,target_a,100,0.7802197802197802,0.8,2.2803243550821063e-05,0.0,0.8071836232397327
resnet50,quickdraw,target_a,227,0.5010989010989011,1.0,2.2803243550821063e-05,0.0,0.8071836232397327
resnet50,quickdraw,target_energy,10,0.978021978021978,0.3,0.0,0.0,0.8045166287457036
resnet50,quickdraw,target_energy,25,0.945054945054945,0.4,1.3774873636286305e-05,0.0,0.8045166287457036
resnet50,quickdraw,target_energy,50,0.8901098901098901,0.9,1.3774873636286305e-05,0.0,0.8045166287457036
resnet50,quickdraw,target_energy,100,0.7802197802197802,1.0,2.2803243550821063e-05,0.0,0.8045166287457036
resnet50,quickdraw,target_energy,227,0.5010989010989011,1.0,2.2803243550821063e-05,0.0,0.8045166287457036
resnet50,real,bayesian_d,10,0.978021978021978,0.6,0.0,0.0,0.9344590721126775
resnet50,real,bayesian_d,25,0.945054945054945,1.0,0.0,0.0,0.9344590721126775
resnet50,real,bayesian_d,50,0.8901098901098901,1.0,0.0,0.0,0.9344590721126775
resnet50,real,bayesian_d,100,0.7802197802197802,1.0,0.0,0.0,0.9344590721126775
resnet50,real,bayesian_d,227,0.5010989010989011,1.0,0.0,0.0,0.9344590721126775
resnet50,real,domain_balance,10,0.978021978021978,0.0,0.0005893590197278793,0.0005631282099548468,0.09237087975784938
resnet50,real,domain_balance,25,0.945054945054945,0.0,0.00046936516729676847,0.0004313467753837243,0.09237087975784938
resnet50,real,domain_balance,50,0.8901098901098901,0.0,0.0004812985571119845,0.0004313467753837243,0.09237087975784938
resnet50,real,domain_balance,100,0.7802197802197802,0.0,0.0003563960479337237,0.00027999098489236805,0.09237087975784938
resnet50,real,domain_balance,227,0.5010989010989011,0.0,0.0003563960479337237,0.00027999098489236805,0.09237087975784938
resnet50,real,dpp_subspace,10,0.978021978021978,0.0,0.0010898304681521832,0.0010898304681521832,0.07076382926139477
resnet50,real,dpp_subspace,25,0.945054945054945,0.0,0.0005718837063962154,0.0005718837063962154,0.07076382926139477
resnet50,real,dpp_subspace,50,0.8901098901098901,0.0,0.0005718837063962154,0.0005718837063962154,0.07076382926139477
resnet50,real,dpp_subspace,100,0.7802197802197802,0.0,0.00044944348319375817,0.00044944348319375817,0.07076382926139477
resnet50,real,dpp_subspace,227,0.5010989010989011,0.3,0.00012027379098010838,0.00012027379098010838,0.07076382926139477
resnet50,real,merged_effective_rank,10,0.978021978021978,0.6,0.0,0.0,0.9381077651770905
resnet50,real,merged_effective_rank,25,0.945054945054945,1.0,0.0,0.0,0.9381077651770905
resnet50,real,merged_effective_rank,50,0.8901098901098901,1.0,0.0,0.0,0.9381077651770905
resnet50,real,merged_effective_rank,100,0.7802197802197802,1.0,0.0,0.0,0.9381077651770905
resnet50,real,merged_effective_rank,227,0.5010989010989011,1.0,0.0,0.0,0.9381077651770905
resnet50,real,random,10,0.9780219780219779,0.04,0.00031313510486112703,0.00029839760269245453,0.0036235391087002496
resnet50,real,random,25,0.945054945054945,0.07500000000000001,0.00023310217676391544,0.00020717506195667596,0.0036235391087002496
resnet50,real,random,50,0.8901098901098902,0.09500000000000001,0.0001978013260503178,0.00017149734965038192,0.0036235391087002496
resnet50,real,random,100,0.7802197802197803,0.195,0.00013132270076957013,0.00011642744605197609,0.0036235391087002496
resnet50,real,random,227,0.5010989010989011,0.51,3.551656723679818e-05,3.2869723353862106e-05,0.0036235391087002496
resnet50,real,second_moment_mmd,10,0.978021978021978,0.6,0.0,0.0,0.9050856979792755
resnet50,real,second_moment_mmd,25,0.945054945054945,0.8,0.0,0.0,0.9050856979792755
resnet50,real,second_moment_mmd,50,0.8901098901098901,1.0,0.0,0.0,0.9050856979792755
resnet50,real,second_moment_mmd,100,0.7802197802197802,1.0,0.0,0.0,0.9050856979792755
resnet50,real,second_moment_mmd,227,0.5010989010989011,1.0,0.0,0.0,0.9050856979792755
resnet50,real,target_a,10,0.978021978021978,0.7,0.0,0.0,0.948194953666783
resnet50,real,target_a,25,0.945054945054945,1.0,0.0,0.0,0.948194953666783
resnet50,real,target_a,50,0.8901098901098901,1.0,0.0,0.0,0.948194953666783
resnet50,real,target_a,100,0.7802197802197802,1.0,0.0,0.0,0.948194953666783
resnet50,real,target_a,227,0.5010989010989011,1.0,0.0,0.0,0.948194953666783
resnet50,real,target_energy,10,0.978021978021978,0.0,0.0003244265473453124,0.0003244265473453124,0.26506536588845886
resnet50,real,target_energy,25,0.945054945054945,0.0,0.0003563960479337237,0.0003069701379176585,0.26506536588845886
resnet50,real,target_energy,50,0.8901098901098901,0.0,0.0003563960479337237,0.00024609243360043594,0.26506536588845886
resnet50,real,target_energy,100,0.7802197802197802,0.2,0.00012512693389545596,0.00012512693389545596,0.26506536588845886
resnet50,real,target_energy,227,0.5010989010989011,0.7,1.0234473852270531e-05,1.0234473852270531e-05,0.26506536588845886
resnet50,sketch,bayesian_d,10,0.978021978021978,0.2,8.77963824439102e-05,8.77963824439102e-05,0.76271825786085
resnet50,sketch,bayesian_d,25,0.945054945054945,0.6,5.139684856973949e-06,5.139684856973949e-06,0.76271825786085
resnet50,sketch,bayesian_d,50,0.8901098901098901,0.6,5.139684856973949e-06,5.139684856973949e-06,0.76271825786085
resnet50,sketch,bayesian_d,100,0.7802197802197802,0.9,5.139684856973949e-06,0.0,0.76271825786085
resnet50,sketch,bayesian_d,227,0.5010989010989011,1.0,7.878917792923486e-06,0.0,0.76271825786085
resnet50,sketch,domain_balance,10,0.978021978021978,0.0,0.00014911974670995653,0.00014911974670995653,0.10132043935660907
resnet50,sketch,domain_balance,25,0.945054945054945,0.0,0.00014911974670995653,0.00014911974670995653,0.10132043935660907
resnet50,sketch,domain_balance,50,0.8901098901098901,0.0,0.00015144017433729587,0.00014911974670995653,0.10132043935660907
resnet50,sketch,domain_balance,100,0.7802197802197802,0.3,1.8958576808087483e-05,1.8958576808087483e-05,0.10132043935660907
resnet50,sketch,domain_balance,227,0.5010989010989011,0.3,1.8958576808087483e-05,1.8958576808087483e-05,0.10132043935660907
resnet50,sketch,dpp_subspace,10,0.978021978021978,0.0,0.0005386885803960604,0.0005386885803960604,0.017122652446093206
resnet50,sketch,dpp_subspace,25,0.945054945054945,0.0,0.00023759556990565387,0.00023759556990565387,0.017122652446093206
resnet50,sketch,dpp_subspace,50,0.8901098901098901,0.0,0.00023759556990565387,0.00023759556990565387,0.017122652446093206
resnet50,sketch,dpp_subspace,100,0.7802197802197802,0.0,0.00013464216250257753,0.00013464216250257753,0.017122652446093206
resnet50,sketch,dpp_subspace,227,0.5010989010989011,0.4,5.139684856973949e-06,5.139684856973949e-06,0.017122652446093206
resnet50,sketch,merged_effective_rank,10,0.978021978021978,0.2,8.77963824439102e-05,8.77963824439102e-05,0.7608656935459625
resnet50,sketch,merged_effective_rank,25,0.945054945054945,0.6,5.139684856973949e-06,5.139684856973949e-06,0.7608656935459625
resnet50,sketch,merged_effective_rank,50,0.8901098901098901,0.6,5.139684856973949e-06,5.139684856973949e-06,0.7608656935459625
resnet50,sketch,merged_effective_rank,100,0.7802197802197802,0.9,5.139684856973949e-06,0.0,0.7608656935459625
resnet50,sketch,merged_effective_rank,227,0.5010989010989011,1.0,7.878917792923486e-06,0.0,0.7608656935459625
resnet50,sketch,random,10,0.9780219780219779,0.039999999999999994,0.00016771470977541294,0.00016393561295243293,-0.0008807897412117204
resnet50,sketch,random,25,0.945054945054945,0.07,0.00012314143158676354,0.00012087481914156395,-0.0008807897412117204
resnet50,sketch,random,50,0.8901098901098902,0.10500000000000002,8.432160620467052e-05,8.422930133949857e-05,-0.0008807897412117204
resnet50,sketch,random,100,0.7802197802197803,0.265,4.4506593478432465e-05,3.8945364007501876e-05,-0.0008807897412117204
resnet50,sketch,random,227,0.5010989010989011,0.47000000000000003,1.3488976303663988e-05,1.0949934391469234e-05,-0.0008807897412117204
resnet50,sketch,second_moment_mmd,10,0.978021978021978,0.1,0.0,0.0,0.5293440735012727
resnet50,sketch,second_moment_mmd,25,0.945054945054945,0.3,7.878917792923486e-06,0.0,0.5293440735012727
resnet50,sketch,second_moment_mmd,50,0.8901098901098901,0.4,7.878917792923486e-06,0.0,0.5293440735012727
resnet50,sketch,second_moment_mmd,100,0.7802197802197802,0.6,7.878917792923486e-06,0.0,0.5293440735012727
resnet50,sketch,second_moment_mmd,227,0.5010989010989011,0.9,7.878917792923486e-06,0.0,0.5293440735012727
resnet50,sketch,target_a,10,0.978021978021978,0.4,5.139684856973949e-06,5.139684856973949e-06,0.8283214814399604
resnet50,sketch,target_a,25,0.945054945054945,0.7,5.139684856973949e-06,0.0,0.8283214814399604
resnet50,sketch,target_a,50,0.8901098901098901,1.0,7.878917792923486e-06,0.0,0.8283214814399604
resnet50,sketch,target_a,100,0.7802197802197802,1.0,7.878917792923486e-06,0.0,0.8283214814399604
resnet50,sketch,target_a,227,0.5010989010989011,1.0,7.878917792923486e-06,0.0,0.8283214814399604
resnet50,sketch,target_energy,10,0.978021978021978,0.0,0.000878381280163928,0.000878381280163928,-0.6455894905002255
resnet50,sketch,target_energy,25,0.945054945054945,0.0,0.0006350388195176312,0.0006176373368223236,-0.6455894905002255
resnet50,sketch,target_energy,50,0.8901098901098901,0.0,0.00040453740876379436,0.00040453740876379436,-0.6455894905002255
resnet50,sketch,target_energy,100,0.7802197802197802,0.0,0.0003778722910399743,0.0003778722910399743,-0.6455894905002255
resnet50,sketch,target_energy,227,0.5010989010989011,0.0,0.00013464216250257753,0.00013464216250257753,-0.6455894905002255
