encoder,method,budget,configurations,merged_reff_mean,merged_reff_std,unique_lineages_mean,lineage_duplicate_count_mean,unique_datasets_mean,selected_alias_parent_pairs_mean,max_selected_sample_overlap_mean,selection_seconds_for_max_budget_mean,metric_seconds_mean
clip_b32,agglomerative_subspace,3,60,239.8931132140002,1.2718644764549498,2.9166666666666665,0.08333333333333333,1.0,0.16666666666666666,0.008333333333333333,0.05829589959854881,0.05004732764015595
clip_b32,agglomerative_subspace,5,60,257.65092388536107,1.21973194740525,4.866666666666666,0.13333333333333333,1.7333333333333334,0.2833333333333333,0.013333333333333334,0.05829589959854881,0.043363547914971906
clip_b32,agglomerative_subspace,8,60,283.0944506069516,1.4060227754913193,7.866666666666666,0.13333333333333333,3.0,0.2833333333333333,0.013333333333333334,0.05829589959854881,0.047691088542342185
clip_b32,agglomerative_subspace,10,60,280.4157771428588,1.3325875592622405,9.866666666666667,0.13333333333333333,5.0,0.2833333333333333,0.013333333333333334,0.05829589959854881,0.05299273518224557
clip_b32,collapse_sketch,3,60,240.8376059038187,10.469057385691547,2.3833333333333333,0.6166666666666667,1.0,0.6833333333333333,0.35006666666666664,0.22348806948090594,0.04921796601265669
clip_b32,collapse_sketch,5,60,262.65658303897163,3.0532752001400145,4.166666666666667,0.8333333333333334,1.0,1.0,0.43333333333333335,0.22348806948090594,0.043049246942003565
clip_b32,collapse_sketch,8,60,283.0861126991579,1.546095146308687,7.166666666666667,0.8333333333333334,3.0,1.0,0.43333333333333335,0.22348806948090594,0.04718755961706241
clip_b32,collapse_sketch,10,60,286.80695303844357,1.200381841555719,9.033333333333333,0.9666666666666667,3.0,1.2,0.43333333333333335,0.22348806948090594,0.05292469523847103
clip_b32,dpp_subspace,3,60,257.6662318727205,0.6233809841675112,3.0,0.0,3.0,0.0,0.0,0.00844434971610705,0.05011909920722246
clip_b32,dpp_subspace,5,60,276.39029486137,0.6816944622486494,5.0,0.0,3.0,0.03333333333333333,0.0,0.00844434971610705,0.042547753639519216
clip_b32,dpp_subspace,8,60,284.80836350179015,0.7879595393758395,7.95,0.05,3.0,0.2,0.005000000000000001,0.00844434971610705,0.047858839575201276
clip_b32,dpp_subspace,10,60,287.19353237842716,0.6080145989135285,9.85,0.15,3.0,0.43333333333333335,0.019933333333333338,0.00844434971610705,0.05280205983047684
clip_b32,facility_subspace,3,60,203.3370300363259,1.6020134144255114,3.0,0.0,3.0,0.0,0.0,0.0016212327405810355,0.04991640578955412
clip_b32,facility_subspace,5,60,254.5886633958841,1.0030326329378285,5.0,0.0,5.0,0.0,0.0,0.0016212327405810355,0.042892181252439814
clip_b32,facility_subspace,8,60,272.4766017296983,2.319132642384236,7.983333333333333,0.016666666666666666,5.0,0.13333333333333333,0.0016666666666666668,0.0016212327405810355,0.048089500361432634
clip_b32,facility_subspace,10,60,279.7424017989961,2.201505052886902,9.85,0.15,5.0,0.3,0.01746666666666667,0.0016212327405810355,0.05315611064434052
clip_b32,lineage_deduplicated_rank,3,60,250.02188180934553,0.897050240019029,3.0,0.0,1.0,0.08333333333333333,0.0,3.361208364367485e-05,0.05064627521981795
clip_b32,lineage_deduplicated_rank,5,60,272.43386737741776,2.8956231609510246,5.0,0.0,1.8333333333333333,0.16666666666666666,0.0,3.361208364367485e-05,0.04349431705971559
clip_b32,lineage_deduplicated_rank,8,60,283.87840938904714,0.7151902583729969,8.0,0.0,2.0,0.21666666666666667,0.0,3.361208364367485e-05,0.048000656285633644
clip_b32,lineage_deduplicated_rank,10,60,287.05968584231704,0.5873338182868082,10.0,0.0,2.8333333333333335,0.3333333333333333,0.0,3.361208364367485e-05,0.054171381611377
clip_b32,rank_l_gram,3,60,256.43973293896033,0.7496281330545159,3.0,0.0,3.0,0.0,0.0,4.274789320273945,0.04989610177775224
clip_b32,rank_l_gram,5,60,265.9336240938365,3.726435268549759,5.0,0.0,4.116666666666666,0.03333333333333333,0.0,4.274789320273945,0.042701617379983264
clip_b32,rank_l_gram,8,60,277.5300713792811,0.49378657716913,8.0,0.0,5.0,0.03333333333333333,0.0,4.274789320273945,0.04786484595388174
clip_b32,rank_l_gram,10,60,282.20514271615303,0.5631045318006298,10.0,0.0,5.0,0.06666666666666667,0.0,4.274789320273945,0.05254720139006774
clip_b32,rank_only,3,60,243.0821985347723,9.987822382297953,2.533333333333333,0.4666666666666667,1.0,0.55,0.265,1.9905312607685726e-05,0.042760037599752346
clip_b32,rank_only,5,60,262.6565830389936,3.05327520013575,4.166666666666667,0.8333333333333334,1.0,1.0,0.43333333333333335,1.9905312607685726e-05,0.04313485156744719
clip_b32,rank_only,8,60,282.2392490673231,2.0211037455935728,6.883333333333334,1.1166666666666667,2.0,1.3333333333333333,0.43333333333333335,1.9905312607685726e-05,0.04811531628171603
clip_b32,rank_only,10,60,284.74155998817866,1.6726573332286314,8.333333333333334,1.6666666666666667,2.0,2.0,0.43333333333333335,1.9905312607685726e-05,0.0544390550814569
dinov2_b14,agglomerative_subspace,3,60,523.5700436437044,8.58191083364435,2.8333333333333335,0.16666666666666666,1.0,0.25,0.029,0.05784299264972408,0.08205926393469175
dinov2_b14,agglomerative_subspace,5,60,600.1475871270594,4.781712971235867,4.666666666666667,0.3333333333333333,1.5,0.5,0.05800000000000001,0.05784299264972408,0.08855254895364245
dinov2_b14,agglomerative_subspace,8,60,641.0546696477561,1.1805982619165127,7.666666666666667,0.3333333333333333,3.0,0.5,0.05800000000000001,0.05784299264972408,0.10055197877809405
dinov2_b14,agglomerative_subspace,10,60,637.2979382754339,0.9582589510174455,9.666666666666666,0.3333333333333333,5.0,0.5,0.05800000000000001,0.05784299264972408,0.10962957851588725
dinov2_b14,collapse_sketch,3,60,494.1838936933729,45.49690861571065,2.5,0.5,1.0,0.55,0.26253333333333334,0.27762751476839187,0.08120752091829976
dinov2_b14,collapse_sketch,5,60,587.0826893871767,10.159386466983424,4.166666666666667,0.8333333333333334,1.0,1.0,0.43333333333333335,0.27762751476839187,0.08865651125088334
dinov2_b14,collapse_sketch,8,60,637.0595827286539,6.061601124189436,7.0,1.0,2.966666666666667,1.1833333333333333,0.43333333333333335,0.27762751476839187,0.1007024952210486
dinov2_b14,collapse_sketch,10,60,646.6691352027894,3.714648214639396,8.816666666666666,1.1833333333333333,3.0,1.4333333333333333,0.43333333333333335,0.27762751476839187,0.11038537000616391
dinov2_b14,dpp_subspace,3,60,536.9819711459793,1.6257431772779842,3.0,0.0,2.8333333333333335,0.0,0.0,0.008355124046405156,0.08208030828585228
dinov2_b14,dpp_subspace,5,60,614.6478495814671,0.9599301573091986,4.966666666666667,0.03333333333333333,3.0,0.1,0.0033333333333333335,0.008355124046405156,0.08971545919775963
dinov2_b14,dpp_subspace,8,60,641.6046437222457,1.3196881351641458,7.633333333333334,0.36666666666666664,3.0,0.55,0.07466666666666667,0.008355124046405156,0.1011512279510498
dinov2_b14,dpp_subspace,10,60,648.4480847817229,2.334898456086886,9.5,0.5,3.2,0.7333333333333333,0.14133333333333334,0.008355124046405156,0.10950368180250128
dinov2_b14,facility_subspace,3,60,446.9040942167476,1.9415605295192713,3.0,0.0,3.0,0.0,0.0,0.0016184864565730096,0.08176304412384829
dinov2_b14,facility_subspace,5,60,572.3252901935496,1.380340648843889,5.0,0.0,5.0,0.0,0.0,0.0016184864565730096,0.08870471284414332
dinov2_b14,facility_subspace,8,60,624.4206956646324,1.027234702831691,7.966666666666667,0.03333333333333333,5.0,0.15,0.0033333333333333335,0.0016184864565730096,0.1016782688597838
dinov2_b14,facility_subspace,10,60,637.1658416687347,1.0425574899630945,9.666666666666666,0.3333333333333333,5.0,0.5,0.05800000000000001,0.0016184864565730096,0.11038771920527021
dinov2_b14,lineage_deduplicated_rank,3,60,527.6299102079885,1.3740626092309827,3.0,0.0,1.0,0.06666666666666667,0.0,2.9124598950147628e-05,0.08220648784190417
dinov2_b14,lineage_deduplicated_rank,5,60,603.8176646274395,2.508897349295574,5.0,0.0,1.8333333333333333,0.16666666666666666,0.0,2.9124598950147628e-05,0.08924690665056308
dinov2_b14,lineage_deduplicated_rank,8,60,629.4474657493412,1.4438670486064793,8.0,0.0,2.0,0.21666666666666667,0.0,2.9124598950147628e-05,0.10226852782070636
dinov2_b14,lineage_deduplicated_rank,10,60,646.7344480954155,4.22538947825452,10.0,0.0,2.8333333333333335,0.3333333333333333,0.0,2.9124598950147628e-05,0.11012273477390408
dinov2_b14,rank_l_gram,3,60,535.0926018643772,1.9802829889445905,3.0,0.0,3.0,0.0,0.0,5.465403155920407,0.08148363176733256
dinov2_b14,rank_l_gram,5,60,613.6537251688501,1.2970412787918884,5.0,0.0,3.0,0.03333333333333333,0.0,5.465403155920407,0.08842973407978813
dinov2_b14,rank_l_gram,8,60,640.1667105836297,3.1762199203855124,7.9,0.1,3.216666666666667,0.2833333333333333,0.010000000000000002,5.465403155920407,0.1010303736353914
dinov2_b14,rank_l_gram,10,60,640.4111381728021,3.0980387647735435,9.866666666666667,0.13333333333333333,4.716666666666667,0.3333333333333333,0.0158,5.465403155920407,0.11050424228111903
dinov2_b14,rank_only,3,60,501.5695840934478,44.39067145034148,2.6166666666666667,0.38333333333333336,1.0,0.45,0.2042,1.8756091594696046e-05,0.08005318148061633
dinov2_b14,rank_only,5,60,587.0826893871767,10.159386466983483,4.166666666666667,0.8333333333333334,1.0,1.0,0.43333333333333335,1.8756091594696046e-05,0.08839626262585322
dinov2_b14,rank_only,8,60,626.0113685917393,5.944642338336203,6.8,1.2,2.0,1.4166666666666667,0.43333333333333335,1.8756091594696046e-05,0.10138816749677063
dinov2_b14,rank_only,10,60,632.2701917284968,4.449866524907807,8.333333333333334,1.6666666666666667,2.0,2.0,0.43333333333333335,1.8756091594696046e-05,0.11126539623364806
resnet50,agglomerative_subspace,3,60,510.2187667657355,1.9945719829084794,2.9833333333333334,0.016666666666666666,1.2833333333333334,0.03333333333333333,0.0016666666666666668,0.05892313771570722,0.08566895667463541
resnet50,agglomerative_subspace,5,60,817.7064311022734,8.931694491639304,4.966666666666667,0.03333333333333333,3.0,0.1,0.0033333333333333335,0.05892313771570722,0.2259468221726517
resnet50,agglomerative_subspace,8,60,1124.4752882089997,6.431426488516724,7.9,0.1,3.0,0.26666666666666666,0.010000000000000002,0.05892313771570722,0.6378948889362316
resnet50,agglomerative_subspace,10,60,1184.0612928672392,4.044254880585232,9.9,0.1,5.0,0.26666666666666666,0.010000000000000002,0.05892313771570722,0.7798957259394228
resnet50,collapse_sketch,3,60,488.7793073017513,51.737425725094305,2.533333333333333,0.4666666666666667,1.0,0.5666666666666667,0.24339999999999998,0.49409153445934256,0.08266922651479641
resnet50,collapse_sketch,5,60,708.5187563954221,42.32167678502526,4.166666666666667,0.8333333333333334,1.0,1.0,0.43333333333333335,0.49409153445934256,0.2211267993785441
resnet50,collapse_sketch,8,60,1078.1982910245304,30.024611043258595,7.133333333333334,0.8666666666666667,2.3833333333333333,1.0666666666666667,0.43333333333333335,0.49409153445934256,0.624510875530541
resnet50,collapse_sketch,10,60,1192.7569585158346,19.88856833935409,8.983333333333333,1.0166666666666666,3.0,1.25,0.43333333333333335,0.49409153445934256,0.7817642353785534
resnet50,dpp_subspace,3,60,555.0659261286116,2.439297510117158,3.0,0.0,2.0,0.03333333333333333,0.0,0.008610457989076774,0.0850530660400788
resnet50,dpp_subspace,5,60,827.9245005888349,7.438526972046319,5.0,0.0,3.466666666666667,0.03333333333333333,0.0,0.008610457989076774,0.22745735573892792
resnet50,dpp_subspace,8,60,1115.8645698982298,4.899566941659041,7.933333333333334,0.06666666666666667,4.0,0.16666666666666666,0.006666666666666667,0.008610457989076774,0.6364034845804175
resnet50,dpp_subspace,10,60,1206.9114055488453,6.479808425241955,9.666666666666666,0.3333333333333333,4.0,0.5333333333333333,0.0664,0.008610457989076774,0.7821245608540873
resnet50,facility_subspace,3,60,527.76759448455,12.665306784774844,3.0,0.0,3.0,0.0,0.0,0.0016087417180339495,0.08456037100404501
resnet50,facility_subspace,5,60,768.4584558735376,2.6157166457574457,5.0,0.0,5.0,0.0,0.0,0.0016087417180339495,0.227613428235054
resnet50,facility_subspace,8,60,1083.5852638947986,6.290015902091276,7.95,0.05,5.0,0.11666666666666667,0.005000000000000001,0.0016087417180339495,0.6389668975646298
resnet50,facility_subspace,10,60,1183.0722512982393,4.936415674807632,9.866666666666667,0.13333333333333333,5.0,0.3,0.015799999999999998,0.0016087417180339495,0.7807471331208944
resnet50,lineage_deduplicated_rank,3,60,525.9410649845152,2.9119039184847786,3.0,0.0,1.0,0.08333333333333333,0.0,3.638807684183121e-05,0.08498954021682342
resnet50,lineage_deduplicated_rank,5,60,799.1469208860788,18.30492180300719,5.0,0.0,1.8333333333333333,0.16666666666666666,0.0,3.638807684183121e-05,0.22866718952233592
resnet50,lineage_deduplicated_rank,8,60,1120.1359862248657,4.597981560347171,8.0,0.0,2.0,0.21666666666666667,0.0,3.638807684183121e-05,0.6440000672824681
resnet50,lineage_deduplicated_rank,10,60,1214.5549960404423,3.8692869341094855,10.0,0.0,2.8333333333333335,0.3333333333333333,0.0,3.638807684183121e-05,0.776727202658852
resnet50,rank_l_gram,3,60,532.0569936117967,2.1131602861748897,3.0,0.0,3.0,0.0,0.0,10.076326321655264,0.0884966882566611
resnet50,rank_l_gram,5,60,818.2184908105577,2.785326631213266,5.0,0.0,3.9833333333333334,0.03333333333333333,0.0,10.076326321655264,0.23049492038165528
resnet50,rank_l_gram,8,60,1081.9633057045887,3.7288148536354893,7.916666666666667,0.08333333333333333,5.0,0.2,0.0108,10.076326321655264,0.6410920109599829
resnet50,rank_l_gram,10,60,1181.9931515128674,7.637039087050837,9.633333333333333,0.36666666666666664,5.0,0.5333333333333333,0.07466666666666666,10.076326321655264,0.7723630990522603
resnet50,rank_only,3,60,488.91707761122075,53.31202056170633,2.55,0.45,1.0,0.5333333333333333,0.2434,2.0420116682847342e-05,0.08337122440959016
resnet50,rank_only,5,60,708.5187563954221,42.321676785025325,4.166666666666667,0.8333333333333334,1.0,1.0,0.43333333333333335,2.0420116682847342e-05,0.22313460155079762
resnet50,rank_only,8,60,1056.8446715941502,57.7211247949861,6.866666666666666,1.1333333333333333,2.0,1.35,0.43333333333333335,2.0420116682847342e-05,0.633596632629633
resnet50,rank_only,10,60,1167.0846755351354,35.860581065701886,8.333333333333334,1.6666666666666667,2.0,2.0,0.43333333333333335,2.0420116682847342e-05,0.7828758606997629
vit_b16,agglomerative_subspace,3,60,480.2571800285524,2.0841077711104052,2.966666666666667,0.03333333333333333,1.0,0.1,0.0033333333333333335,0.05803841333836317,0.079468801120917
vit_b16,agglomerative_subspace,5,60,560.1987045846911,10.163324354705477,4.966666666666667,0.03333333333333333,2.6,0.13333333333333333,0.0033333333333333335,0.05803841333836317,0.08722268640995026
vit_b16,agglomerative_subspace,8,60,601.4793076671036,1.1282483746269831,7.933333333333334,0.06666666666666667,3.0,0.26666666666666666,0.006666666666666667,0.05803841333836317,0.09876906803498665
vit_b16,agglomerative_subspace,10,60,597.6896913553284,0.941623318773759,9.933333333333334,0.06666666666666667,5.0,0.26666666666666666,0.006666666666666667,0.05803841333836317,0.1104033320210874
vit_b16,collapse_sketch,3,60,452.05708466641426,38.29453422097427,2.6,0.4,1.0,0.45,0.22340000000000002,0.27428471234937507,0.07782695312052965
vit_b16,collapse_sketch,5,60,528.604046067175,9.500595697213395,4.166666666666667,0.8333333333333334,1.0,1.0,0.43333333333333335,0.27428471234937507,0.08692731854195396
vit_b16,collapse_sketch,8,60,596.3755116878754,4.640384111569873,7.1,0.9,3.0,1.0666666666666667,0.43333333333333335,0.27428471234937507,0.09910002443939447
vit_b16,collapse_sketch,10,60,608.3785338961067,2.8868161367353204,9.05,0.95,3.0,1.1666666666666667,0.43333333333333335,0.27428471234937507,0.11085119790708026
vit_b16,dpp_subspace,3,60,507.9567079636926,1.466900849903535,3.0,0.0,3.0,0.0,0.0,0.008496585798760255,0.07893739361315966
vit_b16,dpp_subspace,5,60,576.4885914409406,1.093297972352745,4.983333333333333,0.016666666666666666,3.0,0.05,0.0016666666666666668,0.008496585798760255,0.0864085224767526
vit_b16,dpp_subspace,8,60,598.2363065744308,0.8572675225891664,7.95,0.05,4.0,0.13333333333333333,0.005000000000000001,0.008496585798760255,0.09915668626005451
vit_b16,dpp_subspace,10,60,607.308432365847,0.7359493749293693,9.9,0.1,4.0,0.3,0.008333333333333333,0.008496585798760255,0.110218864120543
vit_b16,facility_subspace,3,60,422.744509146193,7.861161085160619,3.0,0.0,3.0,0.0,0.0,0.0016198847132424512,0.07871313656990726
vit_b16,facility_subspace,5,60,538.4718575254586,1.4029741692627467,5.0,0.0,5.0,0.0,0.0,0.0016198847132424512,0.08629036704078316
vit_b16,facility_subspace,8,60,584.0441774458194,2.0151143653117636,7.983333333333333,0.016666666666666666,5.0,0.08333333333333333,0.0016666666666666668,0.0016198847132424512,0.09831505191201965
vit_b16,facility_subspace,10,60,597.3103199537069,1.3692653410431088,9.916666666666666,0.08333333333333333,5.0,0.23333333333333334,0.008333333333333333,0.0016198847132424512,0.11012478414922952
vit_b16,lineage_deduplicated_rank,3,60,490.3677277495985,13.87622838210993,3.0,0.0,1.5166666666666666,0.05,0.0,3.64251434803009e-05,0.07926221946254372
vit_b16,lineage_deduplicated_rank,5,60,568.1929841252003,5.9399895932972555,5.0,0.0,1.9833333333333334,0.08333333333333333,0.0,3.64251434803009e-05,0.08695359900593758
vit_b16,lineage_deduplicated_rank,8,60,598.0605046217462,1.1424682842263254,8.0,0.0,2.0,0.2,0.0,3.64251434803009e-05,0.09906156870226066
vit_b16,lineage_deduplicated_rank,10,60,610.0393837843648,1.8902733845308206,10.0,0.0,2.8333333333333335,0.3333333333333333,0.0,3.64251434803009e-05,0.11026782048866153
vit_b16,rank_l_gram,3,60,505.86742275367095,1.6300629640635984,3.0,0.0,3.0,0.0,0.0,5.341078747467448,0.07897071791812778
vit_b16,rank_l_gram,5,60,565.0742702395349,1.3307481034647608,5.0,0.0,4.0,0.03333333333333333,0.0,5.341078747467448,0.08717308696359397
vit_b16,rank_l_gram,8,60,595.0129968555162,5.0642378553418075,7.983333333333333,0.016666666666666666,4.25,0.11666666666666667,0.0016666666666666668,5.341078747467448,0.09881173353642225
vit_b16,rank_l_gram,10,60,599.6707738243083,1.991815042034737,9.966666666666667,0.03333333333333333,4.95,0.16666666666666666,0.0033333333333333335,5.341078747467448,0.11039276855687301
vit_b16,rank_only,3,60,468.81649042359794,40.15125666889905,2.683333333333333,0.31666666666666665,1.4666666666666666,0.36666666666666664,0.18000000000000002,2.1723533670107524e-05,0.0782402287547787
vit_b16,rank_only,5,60,556.5609805919688,13.871855899362442,4.45,0.55,1.9166666666666667,0.6333333333333333,0.3166666666666666,2.1723533670107524e-05,0.08769295106952389
vit_b16,rank_only,8,60,592.4016113356797,6.263379448704305,6.95,1.05,2.0,1.25,0.42919999999999997,2.1723533670107524e-05,0.10067039790252845
vit_b16,rank_only,10,60,601.2376615226912,4.340708512629169,8.333333333333334,1.6666666666666667,2.0,2.0,0.43333333333333335,2.1723533670107524e-05,0.11075128875672817
