encoder,target,candidate_sources,primary_oracles,distinct_primary_oracles,shared_tie_optimal_sources,has_shared_tie_optimal_source,primary_oracle_families,distinct_primary_oracle_families,shared_tie_optimal_families,has_shared_tie_optimal_family,pairwise_spearman_mean,pairwise_spearman_min,top1_margin_mean,top1_margin_min,utility_range_mean,source_split_std_mean
clip_b32,beans,21,20260905:cifar10|20260906:cifar10|20260907:cifar10,1,cifar10,True,20260905:cifar10|20260906:cifar10|20260907:cifar10,1,cifar10,True,0.88008658008658,0.8623376623376623,0.0038684726533333804,0.003288205000000155,0.024951645386666683,0.0033586826586104756
clip_b32,dtd,21,20260905:tiny_imagenet|20260906:tiny_imagenet|20260907:tiny_imagenet,1,tiny_imagenet,True,20260905:tiny_imagenet|20260906:tiny_imagenet|20260907:tiny_imagenet,1,tiny_imagenet,True,0.9554112554112555,0.9363636363636364,0.00152482668666661,0.00026595831999998154,0.026879430606666605,0.0010740218358247923
clip_b32,eurosat,21,20260905:tiny_imagenet|20260906:tiny_imagenet|20260907:tiny_imagenet,1,tiny_imagenet,True,20260905:tiny_imagenet|20260906:tiny_imagenet|20260907:tiny_imagenet,1,tiny_imagenet,True,0.9688311688311688,0.964935064935065,0.001440000313333319,0.0005200047800000274,0.01367999898666672,0.0005187876695166127
clip_b32,flowers102,21,20260905:cifar100|20260906:cifar100|20260907:cifar100,1,cifar100,True,20260905:cifar100_shared_images|20260906:cifar100_shared_images|20260907:cifar100_shared_images,1,cifar100_shared_images,True,0.9424242424242424,0.9363636363636364,0.004052288546666727,0.0015686440600000129,0.0523529402666667,0.0019590678576671995
clip_b32,food101,21,20260905:tiny_imagenet|20260906:tiny_imagenet|20260907:tiny_imagenet,1,tiny_imagenet,True,20260905:tiny_imagenet|20260906:tiny_imagenet|20260907:tiny_imagenet,1,tiny_imagenet,True,0.9662337662337662,0.9623376623376624,0.0020266699666666352,0.0018000121799999214,0.02887999613333329,0.0010273970083821739
clip_b32,gtsrb,21,20260905:tiny_imagenet|20260906:tiny_imagenet|20260907:tiny_imagenet,1,tiny_imagenet,True,20260905:tiny_imagenet|20260906:tiny_imagenet|20260907:tiny_imagenet,1,tiny_imagenet,True,0.9796536796536796,0.974025974025974,0.0035999976533333347,0.0031999895800000067,0.023466659593333345,0.0006459282871045402
clip_b32,oxford_pets,21,20260905:tiny_imagenet|20260906:tiny_imagenet|20260907:tiny_imagenet,1,tiny_imagenet,True,20260905:tiny_imagenet|20260906:tiny_imagenet|20260907:tiny_imagenet,1,tiny_imagenet,True,0.9619047619047619,0.9571428571428572,0.0025724630533332884,0.0013043595999998603,0.02880434587333336,0.0010639323902318452
dinov2_b14,beans,21,20260905:cifar10|20260906:organcmnist|20260907:mnist,3,,False,20260905:cifar10|20260906:organmnist_views|20260907:handwritten_digits,3,,False,0.24545454545454545,0.06883116883116883,0.0016763358399999688,0.0005802648599999571,0.013023854933333356,0.002335341035676364
dinov2_b14,dtd,21,20260905:tiny_imagenet|20260906:tiny_imagenet|20260907:tiny_imagenet,1,tiny_imagenet,True,20260905:tiny_imagenet|20260906:tiny_imagenet|20260907:tiny_imagenet,1,tiny_imagenet,True,0.9528008102611043,0.9386164834109442,0.00466312487999998,0.0028191471199999762,0.025886521333333357,0.0008048414386469959
dinov2_b14,eurosat,21,20260905:cifar100|20260906:pathmnist|20260907:pathmnist,2,,False,20260905:cifar100_shared_images|20260906:pathmnist|20260907:pathmnist,2,,False,0.9108225108225109,0.8688311688311688,0.0005333244933333203,4.800000397153781e-10,0.014453335019999939,0.0004547115694598719
dinov2_b14,flowers102,21,20260905:stl10|20260906:stl10|20260907:mnist,2,stl10,True,20260905:stl10|20260906:stl10|20260907:handwritten_digits,2,stl10,True,0.7220472788679472,0.6918075422626788,0.00019607702666668558,0.0,0.008562047473333334,0.0002720454392935762
dinov2_b14,food101,21,20260905:tiny_imagenet|20260906:tiny_imagenet|20260907:tiny_imagenet,1,tiny_imagenet,True,20260905:tiny_imagenet|20260906:tiny_imagenet|20260907:tiny_imagenet,1,tiny_imagenet,True,0.9532467532467533,0.9363636363636364,0.0025333301866666456,0.0020399989199999524,0.03146665938666671,0.0007792999902083069
dinov2_b14,gtsrb,21,20260905:tiny_imagenet|20260906:tiny_imagenet|20260907:tiny_imagenet,1,tiny_imagenet,True,20260905:tiny_imagenet|20260906:tiny_imagenet|20260907:tiny_imagenet,1,tiny_imagenet,True,0.9545454545454546,0.9493506493506494,0.009853328686666699,0.009639997840000136,0.036680003979999966,0.0012586256923477934
dinov2_b14,oxford_pets,21,20260905:tiny_imagenet|20260906:tiny_imagenet|20260907:tiny_imagenet,1,tiny_imagenet,True,20260905:tiny_imagenet|20260906:tiny_imagenet|20260907:tiny_imagenet,1,tiny_imagenet,True,0.9497835497835498,0.9415584415584416,0.0026811582133332936,0.001956511159999952,0.017880433860000045,0.0004948303310549193
resnet50,beans,21,20260905:rendered_sst2|20260906:rendered_sst2|20260907:rendered_sst2,1,rendered_sst2,True,20260905:rendered_sst2|20260906:rendered_sst2|20260907:rendered_sst2,1,rendered_sst2,True,0.8675324675324676,0.8350649350649351,0.013217276393333366,0.008897491839999994,0.03404254621333339,0.0022545004786048034
resnet50,dtd,21,20260905:tiny_imagenet|20260906:tiny_imagenet|20260907:tiny_imagenet,1,tiny_imagenet,True,20260905:tiny_imagenet|20260906:tiny_imagenet|20260907:tiny_imagenet,1,tiny_imagenet,True,0.964935064935065,0.951948051948052,0.004414887426666662,0.003723399660000015,0.06872341314666663,0.0010498008910857846
resnet50,eurosat,21,20260905:tiny_imagenet|20260906:dermamnist|20260907:dermamnist,2,,False,20260905:tiny_imagenet|20260906:dermamnist|20260907:dermamnist,2,,False,0.9584415584415584,0.9441558441558442,0.000839997466666779,0.0003200013600000995,0.012946667113333329,0.000599218175980017
resnet50,flowers102,21,20260905:tiny_imagenet|20260906:tiny_imagenet|20260907:tiny_imagenet,1,tiny_imagenet,True,20260905:tiny_imagenet|20260906:tiny_imagenet|20260907:tiny_imagenet,1,tiny_imagenet,True,0.8718614718614718,0.8493506493506493,0.0041830047066666225,0.0007843136999999833,0.03601307948666662,0.003049135023881679
resnet50,food101,21,20260905:tiny_imagenet|20260906:tiny_imagenet|20260907:stl10,2,,False,20260905:tiny_imagenet|20260906:tiny_imagenet|20260907:stl10,2,,False,0.9458874458874459,0.938961038961039,0.00045333763999999555,2.4599999814967077e-09,0.06102667259333333,0.001324833382178972
resnet50,gtsrb,21,20260905:tiny_imagenet|20260906:tiny_imagenet|20260907:tiny_imagenet,1,tiny_imagenet,True,20260905:tiny_imagenet|20260906:tiny_imagenet|20260907:tiny_imagenet,1,tiny_imagenet,True,0.9722943722943723,0.9688311688311688,0.007986669040000005,0.007320004859999951,0.04362666880666666,0.0012628513127432004
resnet50,oxford_pets,21,20260905:tiny_imagenet|20260906:tiny_imagenet|20260907:tiny_imagenet,1,tiny_imagenet,True,20260905:tiny_imagenet|20260906:tiny_imagenet|20260907:tiny_imagenet,1,tiny_imagenet,True,0.9406926406926407,0.9246753246753247,0.003442034313333379,0.0020652199000000815,0.04478260446000001,0.0007836840061820232
vit_b16,beans,21,20260905:stl10|20260906:stl10|20260907:fashion_mnist,2,,False,20260905:stl10|20260906:stl10|20260907:fashion_mnist,2,,False,0.7103896103896105,0.6454545454545455,0.003675048720000018,0.0005802613800000023,0.028239839333333332,0.002642831665064599
vit_b16,dtd,21,20260905:tiny_imagenet|20260906:tiny_imagenet|20260907:cifar100,2,,False,20260905:tiny_imagenet|20260906:tiny_imagenet|20260907:cifar100_shared_images,2,,False,0.9251082251082251,0.9246753246753247,0.0009751717333333539,0.0002127528200001061,0.025886524520000027,0.00114513834852811
vit_b16,eurosat,21,20260905:tiny_imagenet|20260906:tiny_imagenet|20260907:tiny_imagenet,1,tiny_imagenet,True,20260905:tiny_imagenet|20260906:tiny_imagenet|20260907:tiny_imagenet,1,tiny_imagenet,True,0.9813852813852814,0.9766233766233766,0.0013200117066666979,0.0011600156000000084,0.018920008120000092,0.0005288797586250794
vit_b16,flowers102,21,20260905:stl10|20260906:tiny_imagenet|20260907:stl10,2,,False,20260905:stl10|20260906:tiny_imagenet|20260907:stl10,2,,False,0.7841548035681462,0.7623376623376623,0.002941186406666666,0.00019608018000005778,0.04954249300666665,0.002896738891054202
vit_b16,food101,21,20260905:cifar100|20260906:cifar100|20260907:tiny_imagenet,2,,False,20260905:cifar100_shared_images|20260906:cifar100_shared_images|20260907:tiny_imagenet,2,,False,0.9125541125541125,0.9064935064935065,0.0016133327600000118,0.0003200068399999978,0.03566667021333334,0.0013939508356414544
vit_b16,gtsrb,21,20260905:tiny_imagenet|20260906:tiny_imagenet|20260907:tiny_imagenet,1,tiny_imagenet,True,20260905:tiny_imagenet|20260906:tiny_imagenet|20260907:tiny_imagenet,1,tiny_imagenet,True,0.9640692640692641,0.9597402597402598,0.005573328219999969,0.004440000119999898,0.042826664493333354,0.0008462711516448634
vit_b16,oxford_pets,21,20260905:tiny_imagenet|20260906:tiny_imagenet|20260907:tiny_imagenet,1,tiny_imagenet,True,20260905:tiny_imagenet|20260906:tiny_imagenet|20260907:tiny_imagenet,1,tiny_imagenet,True,0.8987012987012987,0.8792207792207792,0.0016666669999999921,0.0013043516999999838,0.013369568193333384,0.000698395351445656
