encoder,primary_method,overlap,budget,seeds,primary_minus_rank_mean,primary_minus_rank_std,primary_win_count,primary_tie_count,primary_loss_count,primary_win_rate,dpp_minus_rank_mean,dpp_minus_rank_std,dpp_win_count,dpp_tie_count,dpp_loss_count,dpp_win_rate
clip_b32,rank_l_gram,0.0,3,10,7.30580265856095,1.0359167601273755,10,0,0,1.0,8.406907301881555,0.8595686321364343,10,0,0,1.0
clip_b32,rank_l_gram,0.0,5,10,10.610648161811998,0.5368699446424126,10,0,0,1.0,10.653710109898526,0.5318806626291132,10,0,0,1.0
clip_b32,rank_l_gram,0.0,8,10,-6.0691574411147595,0.42161411168681695,0,0,10,0.0,1.68660152859469,0.22695612826669534,10,0,0,1.0
clip_b32,rank_l_gram,0.0,10,10,-3.48111257446119,0.4560504111901051,0,0,10,0.0,1.5731760239439496,0.3427759525308197,10,0,0,1.0
clip_b32,rank_l_gram,0.1,3,10,8.069283996020857,1.771092212705517,10,0,0,1.0,9.351230783583503,1.3400322712555395,10,0,0,1.0
clip_b32,rank_l_gram,0.1,5,10,11.066413507497543,0.5633397651811147,10,0,0,1.0,11.208999176931366,0.7302825740111761,10,0,0,1.0
clip_b32,rank_l_gram,0.1,8,10,-5.841836152122426,0.5923908269183341,0,0,10,0.0,1.8921168366728978,0.44009700494601833,10,0,0,1.0
clip_b32,rank_l_gram,0.1,10,10,-3.239858203816965,0.47300776562634583,0,0,10,0.0,1.643552484345065,0.35615426970023606,10,0,0,1.0
clip_b32,rank_l_gram,0.25,3,10,10.200102889593657,3.2290419533546295,10,0,0,1.0,11.247488939415504,2.7980699236675837,10,0,0,1.0
clip_b32,rank_l_gram,0.25,5,10,12.577560330672686,0.7687242235024119,10,0,0,1.0,12.723168542061535,0.7054001865028886,10,0,0,1.0
clip_b32,rank_l_gram,0.25,8,10,-5.133362867270728,0.692618578709033,0,0,10,0.0,2.5222967483551484,0.5226294871594662,10,0,0,1.0
clip_b32,rank_l_gram,0.25,10,10,-2.56416462047448,0.3843824865676004,0,0,10,0.0,1.8819827808330047,0.18173815775254015,10,0,0,1.0
clip_b32,rank_l_gram,0.5,3,10,15.68085827597875,5.170919405453971,10,0,0,1.0,16.809427809719743,5.519110032595419,10,0,0,1.0
clip_b32,rank_l_gram,0.5,5,10,14.358278786565204,0.5454821202962086,10,0,0,1.0,14.387975671764616,0.4178016230146375,10,0,0,1.0
clip_b32,rank_l_gram,0.5,8,10,-4.03299702140738,0.7639931680086364,0,0,10,0.0,3.598832324698401,0.9490432369281377,10,0,0,1.0
clip_b32,rank_l_gram,0.5,10,10,-1.6357892310861928,0.3417363044737631,0,0,10,0.0,2.6819287607591775,0.30728484023808966,10,0,0,1.0
clip_b32,rank_l_gram,0.75,3,10,16.610067160025643,9.223084593269485,10,0,0,1.0,18.004115365664425,10.604891694671906,10,0,0,1.0
clip_b32,rank_l_gram,0.75,5,10,16.221078671257793,0.409926632271572,10,0,0,1.0,16.374457212011656,0.28962522755907205,10,0,0,1.0
clip_b32,rank_l_gram,0.75,8,10,-3.3037519032701255,1.23389773493976,0,0,10,0.0,4.555915334028674,1.2117770714353213,10,0,0,1.0
clip_b32,rank_l_gram,0.75,10,10,-0.6971570086587349,0.4106091683713267,0,0,10,0.0,3.6960922750601752,0.3442124048132961,10,0,0,1.0
clip_b32,rank_l_gram,1.0,3,10,27.65878826959314,13.560993895117875,10,0,0,1.0,28.88800800495153,13.992454914015116,10,0,0,1.0
clip_b32,rank_l_gram,1.0,5,10,18.726846179698676,0.41309350871223355,10,0,0,1.0,18.687936789523718,0.43534275145876733,10,0,0,1.0
clip_b32,rank_l_gram,1.0,8,10,-1.7853719008974565,1.6652095996070249,3,0,7,0.3,5.934753833747453,1.8035871032771642,10,0,0,1.0
clip_b32,rank_l_gram,1.0,10,10,0.44841027656169674,0.3688595107100788,8,0,2,0.8,4.656649177226956,0.3419248696110336,10,0,0,1.0
dinov2_b14,rank_l_gram,0.0,3,10,8.604484490111588,1.8695268174939987,10,0,0,1.0,6.747292714242212,3.036749471712096,10,0,0,1.0
dinov2_b14,rank_l_gram,0.0,5,10,16.062776883309517,0.8982441304254162,10,0,0,1.0,16.219087900209946,0.8462236644541613,10,0,0,1.0
dinov2_b14,rank_l_gram,0.0,8,10,10.577634861122238,0.3661777777761133,10,0,0,1.0,10.092054030966926,0.28323497821279714,10,0,0,1.0
dinov2_b14,rank_l_gram,0.0,10,10,12.138293313173255,2.4548507122522762,10,0,0,1.0,12.88774125674082,1.4307640183423493,10,0,0,1.0
dinov2_b14,rank_l_gram,0.1,3,10,14.720824379536555,5.114320163114761,10,0,0,1.0,12.903829793316982,6.05355243039969,10,0,0,1.0
dinov2_b14,rank_l_gram,0.1,5,10,18.62993102181067,0.8959511247037601,10,0,0,1.0,18.35311089788861,1.2053352134288133,10,0,0,1.0
dinov2_b14,rank_l_gram,0.1,8,10,11.474098373429456,0.5980592148201079,10,0,0,1.0,10.345688484643755,0.41749923004674366,10,0,0,1.0
dinov2_b14,rank_l_gram,0.1,10,10,12.599298437637117,2.4285054081040425,10,0,0,1.0,13.705977945806307,1.1035069213638486,10,0,0,1.0
dinov2_b14,rank_l_gram,0.25,3,10,20.281695404507207,13.99559063388193,10,0,0,1.0,18.5791508043033,14.815648110957024,10,0,0,1.0
dinov2_b14,rank_l_gram,0.25,5,10,22.261129360890813,0.948225765514446,10,0,0,1.0,22.32439569765544,0.9475675030120841,10,0,0,1.0
dinov2_b14,rank_l_gram,0.25,8,10,13.704771263324677,0.9694265121049923,10,0,0,1.0,11.32917791489914,0.8416442238923963,10,0,0,1.0
dinov2_b14,rank_l_gram,0.25,10,10,10.01872183269187,0.6541209481362964,10,0,0,1.0,13.887682420885493,1.629130300086285,10,0,0,1.0
dinov2_b14,rank_l_gram,0.5,3,10,33.57333719282409,31.653267128026577,10,0,0,1.0,32.48285562848025,32.58259086658048,10,0,0,1.0
dinov2_b14,rank_l_gram,0.5,5,10,28.7343575665716,0.9357308678054457,10,0,0,1.0,28.821233556693905,0.7715406935790511,10,0,0,1.0
dinov2_b14,rank_l_gram,0.5,8,10,17.290791113303875,2.141791306100094,10,0,0,1.0,15.397921681209402,2.045328207370913,10,0,0,1.0
dinov2_b14,rank_l_gram,0.5,10,10,12.864489369219053,0.5624710041405393,10,0,0,1.0,17.01288045809192,0.45412531576398435,10,0,0,1.0
dinov2_b14,rank_l_gram,0.75,3,10,57.592594979917145,50.74211706472831,10,0,0,1.0,56.31258318676423,52.388747712480246,10,0,0,1.0
dinov2_b14,rank_l_gram,0.75,5,10,36.11549868396419,0.850499875944063,10,0,0,1.0,36.28465958333395,0.7179047420003654,10,0,0,1.0
dinov2_b14,rank_l_gram,0.75,8,10,21.16230669073021,3.298440080657013,10,0,0,1.0,19.326671332013678,3.3676850788283343,10,0,0,1.0
dinov2_b14,rank_l_gram,0.75,10,10,16.074147995129216,0.5470169435054396,10,0,0,1.0,20.20403668542616,0.5519575197173706,10,0,0,1.0
dinov2_b14,rank_l_gram,1.0,3,10,75.92599238014411,69.99281741305916,10,0,0,1.0,74.12464805571348,71.29851061442707,10,0,0,1.0
dinov2_b14,rank_l_gram,1.0,5,10,43.889050228825134,0.9158667359243988,10,0,0,1.0,44.02658080991357,0.8174266971342322,10,0,0,1.0
dinov2_b14,rank_l_gram,1.0,8,10,25.106160531546937,4.8744899713882655,10,0,0,1.0,23.173077270194334,4.843509611972952,10,0,0,1.0
dinov2_b14,rank_l_gram,1.0,10,10,19.180558714199368,0.5405792215260692,10,0,0,1.0,23.25086889544641,0.48563778769907834,10,0,0,1.0
resnet50,rank_l_gram,0.0,3,10,29.541294829662103,1.4630543086633598,10,0,0,1.0,29.811099457286833,1.3839566751324253,10,0,0,1.0
resnet50,rank_l_gram,0.0,5,10,62.88081736944247,3.1923424062682204,10,0,0,1.0,75.65945255656301,2.954726157455875,10,0,0,1.0
resnet50,rank_l_gram,0.0,8,10,6.269338383208196,1.4920547557881574,10,0,0,1.0,7.281051480226665,0.9565925489485073,10,0,0,1.0
resnet50,rank_l_gram,0.0,10,10,-18.937523166986715,10.562389613339453,1,0,9,0.1,0.16681448088977505,1.0415159532057947,6,0,4,0.6
resnet50,rank_l_gram,0.1,3,10,39.013489412706896,7.654094216041781,10,0,0,1.0,39.376028372490666,7.83773610323954,10,0,0,1.0
resnet50,rank_l_gram,0.1,5,10,74.24931637865058,2.6172571555970205,10,0,0,1.0,86.62196927645564,2.84152613737911,10,0,0,1.0
resnet50,rank_l_gram,0.1,8,10,15.612117491691402,6.069963634199303,10,0,0,1.0,13.483601001347234,6.399450776105382,10,0,0,1.0
resnet50,rank_l_gram,0.1,10,10,-20.111108803963816,1.1997480225040529,0,0,10,0.0,4.596134740026946,1.1805355167536689,10,0,0,1.0
resnet50,rank_l_gram,0.25,3,10,44.00881977155558,19.004985802853987,10,0,0,1.0,45.01075086921112,19.61006822033064,10,0,0,1.0
resnet50,rank_l_gram,0.25,5,10,90.69019306041542,2.964649914714786,10,0,0,1.0,104.02873617031874,2.718666960904589,10,0,0,1.0
resnet50,rank_l_gram,0.25,8,10,27.47715367491794,7.965924943427802,10,0,0,1.0,27.946783389471534,7.651573014215591,10,0,0,1.0
resnet50,rank_l_gram,0.25,10,10,-3.597697452466696,9.86216052564662,6,0,4,0.6,10.597451733968887,1.2754297890338264,10,0,0,1.0
resnet50,rank_l_gram,0.5,3,10,66.99467044010358,38.70053924920357,10,0,0,1.0,68.04810687096027,39.363986530461005,10,0,0,1.0
resnet50,rank_l_gram,0.5,5,10,119.18896705074285,3.467466398605182,10,0,0,1.0,132.32526470747501,2.028156322990885,10,0,0,1.0
resnet50,rank_l_gram,0.5,8,10,63.905969147309825,25.20073289766894,10,0,0,1.0,64.53792156866402,24.917264373296028,10,0,0,1.0
resnet50,rank_l_gram,0.5,10,10,25.000078835831392,1.874021382060241,10,0,0,1.0,47.96343332345835,1.4831709714999948,10,0,0,1.0
resnet50,rank_l_gram,0.75,3,10,97.61068769532321,58.23502603128044,10,0,0,1.0,98.76970526206087,58.530425616869465,10,0,0,1.0
resnet50,rank_l_gram,0.75,5,10,149.0860455581233,2.5765956906268044,10,0,0,1.0,162.56145669956427,1.7536244073799678,10,0,0,1.0
resnet50,rank_l_gram,0.75,8,10,104.51304209955018,39.566215487876796,10,0,0,1.0,105.33218956090255,39.54027146526158,10,0,0,1.0
resnet50,rank_l_gram,0.75,10,10,51.60940678219131,2.4303571080480326,10,0,0,1.0,74.49950383439045,1.7199184391975832,10,0,0,1.0
resnet50,rank_l_gram,1.0,3,10,120.6598231949511,77.76603723745137,10,0,0,1.0,121.71525860968165,77.93912845649062,10,0,0,1.0
resnet50,rank_l_gram,1.0,5,10,179.07649475936051,2.360755823997621,10,0,0,1.0,192.4497983777319,1.7096605579003687,10,0,0,1.0
resnet50,rank_l_gram,1.0,8,10,141.39509893423798,54.633302413116084,10,0,0,1.0,141.7704781613936,54.69355807175458,10,0,0,1.0
resnet50,rank_l_gram,1.0,10,10,82.20407213582351,1.924726321270942,10,0,0,1.0,105.00454356691031,1.28061355807044,10,0,0,1.0
vit_b16,rank_l_gram,0.0,3,10,17.46932651912753,13.566941278864622,10,0,0,1.0,17.953031299184097,13.748713153652707,10,0,0,1.0
vit_b16,rank_l_gram,0.0,5,10,1.6066813182215356,9.847900181695142,5,0,5,0.5,12.337045348708534,9.961933302475945,10,0,0,1.0
vit_b16,rank_l_gram,0.0,8,10,1.0355853000512183,1.1152171842352199,9,0,1,0.9,5.1566616781116865,1.4396439985703153,10,0,0,1.0
vit_b16,rank_l_gram,0.0,10,10,2.2676929750324804,0.579321931567033,10,0,0,1.0,5.311098987580533,0.5029627551780605,10,0,0,1.0
vit_b16,rank_l_gram,0.1,3,10,20.720363885738408,15.055097390179014,10,0,0,1.0,21.254784172780795,14.971624941058153,10,0,0,1.0
vit_b16,rank_l_gram,0.1,5,10,2.722815271348702,10.441915758034217,5,0,5,0.5,13.328179834272452,10.696741520436046,10,0,0,1.0
vit_b16,rank_l_gram,0.1,8,10,1.9261535481700662,1.3696435724597573,10,0,0,1.0,5.9920762144165,1.485851529143333,10,0,0,1.0
vit_b16,rank_l_gram,0.1,10,10,3.243077253954027,0.6785799336576888,10,0,0,1.0,6.034642188971224,0.4767878002324127,10,0,0,1.0
vit_b16,rank_l_gram,0.25,3,10,27.54962602944476,18.615516867682068,10,0,0,1.0,28.13301663986268,18.72409640365194,10,0,0,1.0
vit_b16,rank_l_gram,0.25,5,10,7.418782104769344,10.057955813444327,9,0,1,0.9,18.095591576614083,9.931386665113763,10,0,0,1.0
vit_b16,rank_l_gram,0.25,8,10,2.7753702228633528,1.4721260376046934,10,0,0,1.0,7.088180823152982,1.6848057183153908,10,0,0,1.0
vit_b16,rank_l_gram,0.25,10,10,4.746652253749653,0.7003258274462835,10,0,0,1.0,7.5398046476660285,0.5566731192970168,10,0,0,1.0
vit_b16,rank_l_gram,0.5,3,10,35.94927747220096,25.22959512274701,10,0,0,1.0,36.654134871294524,24.652712134209644,10,0,0,1.0
vit_b16,rank_l_gram,0.5,5,10,4.393274216415034,7.600898155237977,7,0,3,0.7,15.088683593857798,7.527240487623053,10,0,0,1.0
vit_b16,rank_l_gram,0.5,8,10,6.158829810862938,2.1608733589399924,10,0,0,1.0,10.315422956921214,2.3551317630481483,10,0,0,1.0
vit_b16,rank_l_gram,0.5,10,10,7.317487165948501,0.770654303801243,10,0,0,1.0,10.212149182784582,0.5194031973045642,10,0,0,1.0
vit_b16,rank_l_gram,0.75,3,10,53.870408556109375,43.945638563264815,10,0,0,1.0,54.52996891390724,43.527230601374114,10,0,0,1.0
vit_b16,rank_l_gram,0.75,5,10,14.182234949854216,14.961864282603923,8,0,2,0.8,24.970502938872585,14.807798713345644,10,0,0,1.0
vit_b16,rank_l_gram,0.75,8,10,9.143738265947684,3.372186293359494,10,0,0,1.0,13.34108716685389,3.195463312910528,10,0,0,1.0
vit_b16,rank_l_gram,0.75,10,10,10.333391484835568,0.8130908863204451,10,0,0,1.0,13.213863627408704,0.6122433729883782,10,0,0,1.0
vit_b16,rank_l_gram,1.0,3,10,76.1201093560289,65.6863466087277,10,0,0,1.0,76.72906405961855,65.81260538920509,10,0,0,1.0
vit_b16,rank_l_gram,1.0,5,10,27.05718699425488,12.510240487200836,10,0,0,1.0,36.525188555844466,11.529942225631302,10,0,0,1.0
vit_b16,rank_l_gram,1.0,8,10,15.790818721474796,6.090472285871341,10,0,0,1.0,20.036357198267638,6.191987773012662,10,0,0,1.0
vit_b16,rank_l_gram,1.0,10,10,13.205447947098241,0.6973467572190488,10,0,0,1.0,16.134536380157705,0.4514578971186649,10,0,0,1.0
