dataset,encoder,target_domain,budget,method,repeat,combination,selected_sample_count,brier_score,oracle_brier,normalized_brier_regret,brier_rank,top_q,in_brier_top_q,target_a_proxy_rank
pacs,dinov2_b14,art_painting,1,bayesian_d,-1,sketch__block_00,1032,0.6994411056263172,0.6764786850213083,0.033944041569152594,7,10,1,5
pacs,dinov2_b14,art_painting,1,collapse_4s,-1,sketch__block_00,1032,0.6994411056263172,0.6764786850213083,0.033944041569152594,7,10,1,5
pacs,dinov2_b14,art_painting,1,domain_balance,-1,sketch__block_00,1032,0.6994411056263172,0.6764786850213083,0.033944041569152594,7,10,1,5
pacs,dinov2_b14,art_painting,1,dpp_subspace,-1,sketch__block_00,1032,0.6994411056263172,0.6764786850213083,0.033944041569152594,7,10,1,5
pacs,dinov2_b14,art_painting,1,effective_rank,-1,sketch__block_00,1032,0.6994411056263172,0.6764786850213083,0.033944041569152594,7,10,1,5
pacs,dinov2_b14,art_painting,1,facility_subspace,-1,sketch__block_00,1032,0.6994411056263172,0.6764786850213083,0.033944041569152594,7,10,1,5
pacs,dinov2_b14,art_painting,1,kcenter_subspace,-1,sketch__block_00,1032,0.6994411056263172,0.6764786850213083,0.033944041569152594,7,10,1,5
pacs,dinov2_b14,art_painting,1,random,0,cartoon__block_01,569,0.6764786850213083,0.6764786850213083,0.0,1,10,1,3
pacs,dinov2_b14,art_painting,1,random,1,cartoon__block_03,595,0.685407827441301,0.6764786850213083,0.013199443851969271,4,10,1,4
pacs,dinov2_b14,art_painting,1,random,2,cartoon__block_01,569,0.6764786850213083,0.6764786850213083,0.0,1,10,1,3
pacs,dinov2_b14,art_painting,1,random,3,cartoon__block_01,569,0.6764786850213083,0.6764786850213083,0.0,1,10,1,3
pacs,dinov2_b14,art_painting,1,random,4,photo__block_01,415,0.7144836683987246,0.6764786850213083,0.05618060734052426,9,10,1,11
pacs,dinov2_b14,art_painting,1,random,5,photo__block_01,415,0.7144836683987246,0.6764786850213083,0.05618060734052426,9,10,1,11
pacs,dinov2_b14,art_painting,1,random,6,cartoon__block_02,584,0.6773958506801959,0.6764786850213083,0.0013557938767261744,2,10,1,2
pacs,dinov2_b14,art_painting,1,random,7,photo__block_03,427,0.7218303682933587,0.6764786850213083,0.06704081632760076,12,10,0,9
pacs,dinov2_b14,art_painting,1,random,8,photo__block_00,433,0.716389446887515,0.6764786850213083,0.05899781138699093,10,10,1,10
pacs,dinov2_b14,art_painting,1,random,9,sketch__block_02,963,0.7014931429810107,0.6764786850213083,0.036977451786104024,8,10,1,7
pacs,dinov2_b14,art_painting,1,random,10,sketch__block_02,963,0.7014931429810107,0.6764786850213083,0.036977451786104024,8,10,1,7
pacs,dinov2_b14,art_painting,1,random,11,cartoon__block_00,596,0.6846443334468816,0.6764786850213083,0.012070814064623656,3,10,1,1
pacs,dinov2_b14,art_painting,1,random,12,sketch__block_01,976,0.6894242755507993,0.6764786850213083,0.019136730862530132,5,10,1,6
pacs,dinov2_b14,art_painting,1,random,13,cartoon__block_01,569,0.6764786850213083,0.6764786850213083,0.0,1,10,1,3
pacs,dinov2_b14,art_painting,1,random,14,photo__block_01,415,0.7144836683987246,0.6764786850213083,0.05618060734052426,9,10,1,11
pacs,dinov2_b14,art_painting,1,random,15,cartoon__block_03,595,0.685407827441301,0.6764786850213083,0.013199443851969271,4,10,1,4
pacs,dinov2_b14,art_painting,1,random,16,photo__block_02,395,0.7212186473743889,0.6764786850213083,0.06613654405337456,11,10,0,12
pacs,dinov2_b14,art_painting,1,random,17,cartoon__block_01,569,0.6764786850213083,0.6764786850213083,0.0,1,10,1,3
pacs,dinov2_b14,art_painting,1,random,18,sketch__block_01,976,0.6894242755507993,0.6764786850213083,0.019136730862530132,5,10,1,6
pacs,dinov2_b14,art_painting,1,random,19,cartoon__block_01,569,0.6764786850213083,0.6764786850213083,0.0,1,10,1,3
pacs,dinov2_b14,art_painting,1,second_moment_mmd,-1,photo__block_00,433,0.716389446887515,0.6764786850213083,0.05899781138699093,10,10,1,10
pacs,dinov2_b14,art_painting,1,size,-1,sketch__block_00,1032,0.6994411056263172,0.6764786850213083,0.033944041569152594,7,10,1,5
pacs,dinov2_b14,art_painting,1,spectrum_rank_l,-1,photo__block_02,395,0.7212186473743889,0.6764786850213083,0.06613654405337456,11,10,0,12
pacs,dinov2_b14,art_painting,1,target_a,-1,cartoon__block_00,596,0.6846443334468816,0.6764786850213083,0.012070814064623656,3,10,1,1
pacs,dinov2_b14,art_painting,1,target_energy,-1,sketch__block_00,1032,0.6994411056263172,0.6764786850213083,0.033944041569152594,7,10,1,5
pacs,dinov2_b14,art_painting,3,bayesian_d,-1,cartoon__block_02|photo__block_00|sketch__block_00,2049,0.6275187220550147,0.6211658382443358,0.010227355433187844,35,10,0,8
pacs,dinov2_b14,art_painting,3,collapse_4s,-1,cartoon__block_00|photo__block_00|sketch__block_00,2061,0.6296952604287124,0.6211658382443358,0.013731312411648638,53,10,0,3
pacs,dinov2_b14,art_painting,3,domain_balance,-1,cartoon__block_00|photo__block_00|sketch__block_00,2061,0.6296952604287124,0.6211658382443358,0.013731312411648638,53,10,0,3
pacs,dinov2_b14,art_painting,3,dpp_subspace,-1,cartoon__block_00|photo__block_00|sketch__block_00,2061,0.6296952604287124,0.6211658382443358,0.013731312411648638,53,10,0,3
pacs,dinov2_b14,art_painting,3,effective_rank,-1,cartoon__block_02|photo__block_00|sketch__block_00,2049,0.6275187220550147,0.6211658382443358,0.010227355433187844,35,10,0,8
pacs,dinov2_b14,art_painting,3,facility_subspace,-1,cartoon__block_03|photo__block_00|sketch__block_00,2060,0.6305194945440381,0.6211658382443358,0.015058227165453105,55,10,0,13
pacs,dinov2_b14,art_painting,3,kcenter_subspace,-1,cartoon__block_03|photo__block_02|sketch__block_00,2022,0.6310689721659472,0.6211658382443358,0.015942818023607974,60,10,0,54
pacs,dinov2_b14,art_painting,3,random,0,cartoon__block_00|cartoon__block_01|sketch__block_02,2128,0.6562586271407957,0.6211658382443358,0.05649504002932013,174,10,0,162
pacs,dinov2_b14,art_painting,3,random,1,cartoon__block_03|sketch__block_01|sketch__block_02,2534,0.6625295429810141,0.6211658382443358,0.0665904371907971,204,10,0,203
pacs,dinov2_b14,art_painting,3,random,2,cartoon__block_01|cartoon__block_02|sketch__block_00,2185,0.6546577227451081,0.6211658382443358,0.05391778240000104,167,10,0,139
pacs,dinov2_b14,art_painting,3,random,3,cartoon__block_01|photo__block_00|photo__block_03,1429,0.6349227074977578,0.6211658382443358,0.02214685419968434,85,10,0,94
pacs,dinov2_b14,art_painting,3,random,4,cartoon__block_02|photo__block_00|photo__block_01,1432,0.6324227350029912,0.6211658382443358,0.01812220837912125,69,10,0,95
pacs,dinov2_b14,art_painting,3,random,5,cartoon__block_02|photo__block_01|photo__block_02,1394,0.6326152801590251,0.6211658382443358,0.018432182212482984,70,10,0,113
pacs,dinov2_b14,art_painting,3,random,6,cartoon__block_01|cartoon__block_02|sketch__block_01,2129,0.6515403763313949,0.6211658382443358,0.04889924109946193,161,10,0,146
pacs,dinov2_b14,art_painting,3,random,7,photo__block_03|sketch__block_00|sketch__block_01,2435,0.6421684461028659,0.6211658382443358,0.033811595173829825,145,10,0,109
pacs,dinov2_b14,art_painting,3,random,8,photo__block_00|sketch__block_00|sketch__block_03,2423,0.6408149331561678,0.6211658382443358,0.03163260711079703,138,10,0,122
pacs,dinov2_b14,art_painting,3,random,9,cartoon__block_02|photo__block_03|sketch__block_02,1974,0.6287605600383644,0.6211658382443358,0.01222656064843228,42,10,0,27
pacs,dinov2_b14,art_painting,3,random,10,photo__block_00|photo__block_02|sketch__block_02,1791,0.6419227813075802,0.6211658382443358,0.033416105305970854,143,10,0,173
pacs,dinov2_b14,art_painting,3,random,11,cartoon__block_00|photo__block_01|sketch__block_00,2043,0.6291773346441479,0.6211658382443358,0.012897516100460131,48,10,0,6
pacs,dinov2_b14,art_painting,3,random,12,cartoon__block_03|photo__block_02|sketch__block_01,1966,0.6264109822014804,0.6211658382443358,0.008444031584173202,24,10,0,58
pacs,dinov2_b14,art_painting,3,random,13,cartoon__block_01|photo__block_03|sketch__block_01,1972,0.6253923572501509,0.6211658382443358,0.006804171681045589,18,10,0,14
pacs,dinov2_b14,art_painting,3,random,14,photo__block_00|photo__block_01|photo__block_03,1275,0.6947337345316866,0.6211658382443358,0.11843519356325721,218,10,0,217
pacs,dinov2_b14,art_painting,3,random,15,cartoon__block_02|cartoon__block_03|sketch__block_02,2142,0.6585208531559836,0.6211658382443358,0.06013694348875996,185,10,0,167
pacs,dinov2_b14,art_painting,3,random,16,cartoon__block_00|photo__block_02|sketch__block_00,2023,0.6320340684073088,0.6211658382443358,0.01749650333909377,65,10,0,37
pacs,dinov2_b14,art_painting,3,random,17,cartoon__block_01|photo__block_01|photo__block_03,1411,0.6332017459711267,0.6211658382443358,0.019376319471800272,75,10,0,96
pacs,dinov2_b14,art_painting,3,random,18,photo__block_01|sketch__block_01|sketch__block_02,2354,0.6376871472119985,0.6211658382443358,0.026597259460305386,110,10,0,165
pacs,dinov2_b14,art_painting,3,random,19,cartoon__block_01|photo__block_00|sketch__block_03,1960,0.6238004171168609,0.6211658382443358,0.004241345402978742,8,10,1,40
pacs,dinov2_b14,art_painting,3,second_moment_mmd,-1,cartoon__block_00|photo__block_00|photo__block_01,1444,0.6366691040969725,0.6211658382443358,0.024958336241502246,100,10,0,89
pacs,dinov2_b14,art_painting,3,size,-1,sketch__block_00|sketch__block_01|sketch__block_02,2971,0.6890671001341669,0.6211658382443358,0.10931261461793744,215,10,0,214
pacs,dinov2_b14,art_painting,3,spectrum_rank_l,-1,cartoon__block_02|photo__block_02|sketch__block_02,1942,0.6277998458049732,0.6211658382443358,0.010679929822586087,37,10,0,60
pacs,dinov2_b14,art_painting,3,target_a,-1,cartoon__block_00|photo__block_03|sketch__block_00,2055,0.6326458181351811,0.6211658382443358,0.018481344568613584,71,10,0,1
pacs,dinov2_b14,art_painting,3,target_energy,-1,sketch__block_00|sketch__block_01|sketch__block_03,2966,0.6854525592292413,0.6211658382443358,0.10349365181866023,214,10,0,213
pacs,dinov2_b14,art_painting,5,bayesian_d,-1,cartoon__block_02|photo__block_00|photo__block_03|sketch__block_00|sketch__block_01,3452,0.6194212148029818,0.6135398408932865,0.009585969023840938,186,10,0,73
pacs,dinov2_b14,art_painting,5,collapse_4s,-1,cartoon__block_00|cartoon__block_02|photo__block_00|sketch__block_00|sketch__block_01,3621,0.6226853911175082,0.6135398408932865,0.014906204315772205,399,10,0,124
pacs,dinov2_b14,art_painting,5,domain_balance,-1,cartoon__block_00|cartoon__block_03|photo__block_00|sketch__block_00|sketch__block_01,3632,0.6244846833883767,0.6135398408932865,0.017838845606432015,505,10,0,153
pacs,dinov2_b14,art_painting,5,dpp_subspace,-1,cartoon__block_00|cartoon__block_02|cartoon__block_03|photo__block_00|sketch__block_00,3240,0.6256400686098124,0.6135398408932865,0.01972199180889128,561,10,0,106
pacs,dinov2_b14,art_painting,5,effective_rank,-1,cartoon__block_02|photo__block_00|photo__block_01|photo__block_03|sketch__block_00,2891,0.6191568023303832,0.6135398408932865,0.009155006835283303,164,10,0,143
pacs,dinov2_b14,art_painting,5,facility_subspace,-1,cartoon__block_03|photo__block_00|photo__block_01|photo__block_02|sketch__block_00,2870,0.6207337937153826,0.6135398408932865,0.011725323023231945,266,10,0,463
pacs,dinov2_b14,art_painting,5,kcenter_subspace,-1,cartoon__block_03|photo__block_01|photo__block_02|photo__block_03|sketch__block_00,2864,0.6209853272663745,0.6135398408932865,0.012135294037706917,283,10,0,416
pacs,dinov2_b14,art_painting,5,random,0,cartoon__block_00|cartoon__block_01|photo__block_02|sketch__block_00|sketch__block_02,3555,0.6252087220320958,0.6135398408932865,0.01901894605869424,542,10,0,489
pacs,dinov2_b14,art_painting,5,random,1,cartoon__block_03|photo__block_03|sketch__block_00|sketch__block_01|sketch__block_02,3993,0.6293618082177531,0.6135398408932865,0.025788003109024734,667,10,0,597
pacs,dinov2_b14,art_painting,5,random,2,cartoon__block_01|cartoon__block_02|sketch__block_00|sketch__block_02|sketch__block_03,4106,0.6530440717662868,0.6135398408932865,0.06438739302648035,759,10,0,782
pacs,dinov2_b14,art_painting,5,random,3,cartoon__block_01|photo__block_00|photo__block_03|sketch__block_00|sketch__block_02,3424,0.6214182859338924,0.6135398408932865,0.012840967310509455,315,10,0,168
pacs,dinov2_b14,art_painting,5,random,4,cartoon__block_02|photo__block_00|photo__block_01|photo__block_02|sketch__block_03,2785,0.6164168285930717,0.6135398408932865,0.00468916198758406,35,10,0,539
pacs,dinov2_b14,art_painting,5,random,5,cartoon__block_02|photo__block_01|photo__block_02|photo__block_03|sketch__block_01,2797,0.6146986295337676,0.6135398408932865,0.0018886933875296346,6,10,1,423
pacs,dinov2_b14,art_painting,5,random,6,cartoon__block_01|cartoon__block_02|cartoon__block_03|sketch__block_00|sketch__block_01,3756,0.6522023765590258,0.6135398408932865,0.06301552578793966,751,10,0,731
pacs,dinov2_b14,art_painting,5,random,7,cartoon__block_03|photo__block_03|sketch__block_00|sketch__block_01|sketch__block_02,3993,0.6293618082177531,0.6135398408932865,0.025788003109024734,667,10,0,597
pacs,dinov2_b14,art_painting,5,random,8,cartoon__block_02|photo__block_00|sketch__block_00|sketch__block_02|sketch__block_03,3970,0.62556518457907,0.6135398408932865,0.019599939375208448,558,10,0,610
pacs,dinov2_b14,art_painting,5,random,9,cartoon__block_02|photo__block_03|sketch__block_00|sketch__block_02|sketch__block_03,3964,0.6272394218526747,0.6135398408932865,0.022328755276009776,624,10,0,600
pacs,dinov2_b14,art_painting,5,random,10,cartoon__block_02|photo__block_00|photo__block_02|photo__block_03|sketch__block_02,2802,0.619089687306898,0.6135398408932865,0.009045616997799393,160,10,0,481
pacs,dinov2_b14,art_painting,5,random,11,cartoon__block_00|cartoon__block_02|photo__block_01|sketch__block_00|sketch__block_03,3585,0.6233119690124024,0.6135398408932865,0.015927454857516822,439,10,0,250
pacs,dinov2_b14,art_painting,5,random,12,cartoon__block_03|photo__block_02|sketch__block_01|sketch__block_02|sketch__block_03,3887,0.6264698565976508,0.6135398408932865,0.021074451637140185,595,10,0,676
pacs,dinov2_b14,art_painting,5,random,13,cartoon__block_01|cartoon__block_03|photo__block_03|sketch__block_01|sketch__block_02,3530,0.6255835165853112,0.6135398408932865,0.01962981845561918,559,10,0,379
pacs,dinov2_b14,art_painting,5,random,14,cartoon__block_00|photo__block_00|photo__block_01|photo__block_03|sketch__block_03,2829,0.6193483841988334,0.6135398408932865,0.009467263441425323,177,10,0,279
pacs,dinov2_b14,art_painting,5,random,15,cartoon__block_01|cartoon__block_02|cartoon__block_03|photo__block_02|sketch__block_02,3106,0.6246900109581941,0.6135398408932865,0.01817350613885717,511,10,0,541
pacs,dinov2_b14,art_painting,5,random,16,cartoon__block_00|cartoon__block_02|photo__block_00|photo__block_02|sketch__block_00,3040,0.6213949062986873,0.6135398408932865,0.012802861170293677,312,10,0,58
pacs,dinov2_b14,art_painting,5,random,17,cartoon__block_00|cartoon__block_01|photo__block_01|photo__block_03|sketch__block_03,2965,0.6182121702907297,0.6135398408932865,0.007615364294257595,113,10,0,47
pacs,dinov2_b14,art_painting,5,random,18,cartoon__block_03|photo__block_01|photo__block_03|sketch__block_01|sketch__block_02,3376,0.6204050973933083,0.6135398408932865,0.011189585488085472,250,10,0,338
pacs,dinov2_b14,art_painting,5,random,19,cartoon__block_01|photo__block_00|sketch__block_00|sketch__block_01|sketch__block_03,3968,0.6236212768513266,0.6135398408932865,0.016431591375324545,456,10,0,601
pacs,dinov2_b14,art_painting,5,second_moment_mmd,-1,cartoon__block_00|photo__block_00|photo__block_01|photo__block_02|photo__block_03,2266,0.6338382737135028,0.6135398408932865,0.03308413157108535,722,10,0,704
pacs,dinov2_b14,art_painting,5,size,-1,cartoon__block_00|sketch__block_00|sketch__block_01|sketch__block_02|sketch__block_03,4525,0.6618039860810352,0.6135398408932865,0.07866505477049095,791,10,0,789
pacs,dinov2_b14,art_painting,5,spectrum_rank_l,-1,cartoon__block_02|photo__block_01|photo__block_02|photo__block_03|sketch__block_02,2784,0.6182358194011047,0.6135398408932865,0.007653909648281499,114,10,0,510
pacs,dinov2_b14,art_painting,5,target_a,-1,cartoon__block_00|cartoon__block_02|photo__block_00|photo__block_03|sketch__block_00,3072,0.6216437928220024,0.6135398408932865,0.013208517831404306,327,10,0,1
pacs,dinov2_b14,art_painting,5,target_energy,-1,cartoon__block_00|sketch__block_00|sketch__block_01|sketch__block_02|sketch__block_03,4525,0.6618039860810352,0.6135398408932865,0.07866505477049095,791,10,0,789
pacs,dinov2_b14,cartoon,1,bayesian_d,-1,art_painting__block_03,519,0.6862639845830826,0.6706562572237164,0.023272320493924536,5,10,1,7
pacs,dinov2_b14,cartoon,1,collapse_4s,-1,sketch__block_00,1032,0.6788795901201758,0.6706562572237164,0.01226162107321749,3,10,1,1
pacs,dinov2_b14,cartoon,1,domain_balance,-1,sketch__block_00,1032,0.6788795901201758,0.6706562572237164,0.01226162107321749,3,10,1,1
pacs,dinov2_b14,cartoon,1,dpp_subspace,-1,sketch__block_00,1032,0.6788795901201758,0.6706562572237164,0.01226162107321749,3,10,1,1
pacs,dinov2_b14,cartoon,1,effective_rank,-1,sketch__block_00,1032,0.6788795901201758,0.6706562572237164,0.01226162107321749,3,10,1,1
pacs,dinov2_b14,cartoon,1,facility_subspace,-1,sketch__block_00,1032,0.6788795901201758,0.6706562572237164,0.01226162107321749,3,10,1,1
pacs,dinov2_b14,cartoon,1,kcenter_subspace,-1,sketch__block_00,1032,0.6788795901201758,0.6706562572237164,0.01226162107321749,3,10,1,1
pacs,dinov2_b14,cartoon,1,random,0,art_painting__block_02,501,0.694165615758559,0.6706562572237164,0.03505425958771064,8,10,1,8
pacs,dinov2_b14,cartoon,1,random,1,photo__block_01,415,0.7473320510487542,0.6706562572237164,0.11432949890372898,10,10,1,11
pacs,dinov2_b14,cartoon,1,random,2,photo__block_02,395,0.7518559632556515,0.6706562572237164,0.12107499953563947,12,10,0,12
pacs,dinov2_b14,cartoon,1,random,3,sketch__block_00,1032,0.6788795901201758,0.6706562572237164,0.01226162107321749,3,10,1,1
pacs,dinov2_b14,cartoon,1,random,4,art_painting__block_03,519,0.6862639845830826,0.6706562572237164,0.023272320493924536,5,10,1,7
pacs,dinov2_b14,cartoon,1,random,5,art_painting__block_00,506,0.6872775086496625,0.6706562572237164,0.024783562737120162,6,10,1,6
pacs,dinov2_b14,cartoon,1,random,6,art_painting__block_03,519,0.6862639845830826,0.6706562572237164,0.023272320493924536,5,10,1,7
pacs,dinov2_b14,cartoon,1,random,7,art_painting__block_01,522,0.6873479079900052,0.6706562572237164,0.024888533561718332,7,10,1,5
pacs,dinov2_b14,cartoon,1,random,8,art_painting__block_02,501,0.694165615758559,0.6706562572237164,0.03505425958771064,8,10,1,8
pacs,dinov2_b14,cartoon,1,random,9,sketch__block_01,976,0.6714954279273891,0.6706562572237164,0.0012512679851026244,2,10,1,3
pacs,dinov2_b14,cartoon,1,random,10,art_painting__block_02,501,0.694165615758559,0.6706562572237164,0.03505425958771064,8,10,1,8
pacs,dinov2_b14,cartoon,1,random,11,sketch__block_02,963,0.6793991551941877,0.6706562572237164,0.013036332512073917,4,10,1,2
pacs,dinov2_b14,cartoon,1,random,12,sketch__block_01,976,0.6714954279273891,0.6706562572237164,0.0012512679851026244,2,10,1,3
pacs,dinov2_b14,cartoon,1,random,13,art_painting__block_01,522,0.6873479079900052,0.6706562572237164,0.024888533561718332,7,10,1,5
pacs,dinov2_b14,cartoon,1,random,14,art_painting__block_02,501,0.694165615758559,0.6706562572237164,0.03505425958771064,8,10,1,8
pacs,dinov2_b14,cartoon,1,random,15,photo__block_01,415,0.7473320510487542,0.6706562572237164,0.11432949890372898,10,10,1,11
pacs,dinov2_b14,cartoon,1,random,16,sketch__block_00,1032,0.6788795901201758,0.6706562572237164,0.01226162107321749,3,10,1,1
pacs,dinov2_b14,cartoon,1,random,17,photo__block_01,415,0.7473320510487542,0.6706562572237164,0.11432949890372898,10,10,1,11
pacs,dinov2_b14,cartoon,1,random,18,sketch__block_00,1032,0.6788795901201758,0.6706562572237164,0.01226162107321749,3,10,1,1
pacs,dinov2_b14,cartoon,1,random,19,art_painting__block_02,501,0.694165615758559,0.6706562572237164,0.03505425958771064,8,10,1,8
pacs,dinov2_b14,cartoon,1,second_moment_mmd,-1,art_painting__block_01,522,0.6873479079900052,0.6706562572237164,0.024888533561718332,7,10,1,5
pacs,dinov2_b14,cartoon,1,size,-1,sketch__block_00,1032,0.6788795901201758,0.6706562572237164,0.01226162107321749,3,10,1,1
pacs,dinov2_b14,cartoon,1,spectrum_rank_l,-1,art_painting__block_02,501,0.694165615758559,0.6706562572237164,0.03505425958771064,8,10,1,8
pacs,dinov2_b14,cartoon,1,target_a,-1,sketch__block_00,1032,0.6788795901201758,0.6706562572237164,0.01226162107321749,3,10,1,1
pacs,dinov2_b14,cartoon,1,target_energy,-1,sketch__block_00,1032,0.6788795901201758,0.6706562572237164,0.01226162107321749,3,10,1,1
pacs,dinov2_b14,cartoon,3,bayesian_d,-1,art_painting__block_01|art_painting__block_03|sketch__block_00,2073,0.6455791521817855,0.6370907641356676,0.013323671482875816,82,10,0,24
pacs,dinov2_b14,cartoon,3,collapse_4s,-1,art_painting__block_01|art_painting__block_03|sketch__block_00,2073,0.6455791521817855,0.6370907641356676,0.013323671482875816,82,10,0,24
pacs,dinov2_b14,cartoon,3,domain_balance,-1,art_painting__block_01|photo__block_00|sketch__block_00,1987,0.6451139807469015,0.6370907641356676,0.012593522089617703,75,10,0,49
pacs,dinov2_b14,cartoon,3,dpp_subspace,-1,art_painting__block_01|photo__block_00|sketch__block_00,1987,0.6451139807469015,0.6370907641356676,0.012593522089617703,75,10,0,49
pacs,dinov2_b14,cartoon,3,effective_rank,-1,art_painting__block_03|photo__block_00|sketch__block_00,1984,0.6440001326074634,0.6370907641356676,0.010845186998071842,54,10,0,53
pacs,dinov2_b14,cartoon,3,facility_subspace,-1,art_painting__block_01|photo__block_00|sketch__block_00,1987,0.6451139807469015,0.6370907641356676,0.012593522089617703,75,10,0,49
pacs,dinov2_b14,cartoon,3,kcenter_subspace,-1,art_painting__block_02|photo__block_02|sketch__block_00,1928,0.6471014782015407,0.6370907641356676,0.015713167776736762,101,10,0,105
pacs,dinov2_b14,cartoon,3,random,0,art_painting__block_02|photo__block_03|sketch__block_02,1891,0.6467003365129403,0.6370907641356676,0.015083521718149464,96,10,0,82
pacs,dinov2_b14,cartoon,3,random,1,photo__block_01|sketch__block_00|sketch__block_01,2423,0.6516229309673661,0.6370907641356676,0.022810198561603934,135,10,0,125
pacs,dinov2_b14,cartoon,3,random,2,art_painting__block_02|photo__block_02|sketch__block_03,1854,0.6412797298120322,0.6370907641356676,0.006575147392142363,31,10,0,112
pacs,dinov2_b14,cartoon,3,random,3,art_painting__block_02|photo__block_01|sketch__block_00,1948,0.6472936337495294,0.6370907641356676,0.01601478186189679,105,10,0,101
pacs,dinov2_b14,cartoon,3,random,4,art_painting__block_01|art_painting__block_03|photo__block_01,1456,0.6728936382023246,0.6370907641356676,0.056197446395617315,175,10,0,173
pacs,dinov2_b14,cartoon,3,random,5,art_painting__block_00|photo__block_03|sketch__block_02,1896,0.644070463728848,0.6370907641356676,0.010955581192029553,55,10,0,65
pacs,dinov2_b14,cartoon,3,random,6,art_painting__block_03|photo__block_01|sketch__block_01,1910,0.6392122357629627,0.6370907641356676,0.0033299362456985513,16,10,0,90
pacs,dinov2_b14,cartoon,3,random,7,art_painting__block_01|art_painting__block_03|sketch__block_03,1999,0.6396216637568239,0.6370907641356676,0.003972588779543864,18,10,0,38
pacs,dinov2_b14,cartoon,3,random,8,art_painting__block_02|photo__block_00|photo__block_01,1349,0.6867467499950514,0.6370907641356676,0.0779417763601571,211,10,0,213
pacs,dinov2_b14,cartoon,3,random,9,sketch__block_01|sketch__block_02|sketch__block_03,2897,0.6659716640591702,0.6370907641356676,0.04533247309382196,161,10,0,140
pacs,dinov2_b14,cartoon,3,random,10,art_painting__block_00|art_painting__block_02|sketch__block_03,1965,0.6423002528554189,0.6370907641356676,0.008176996140917216,40,10,0,42
pacs,dinov2_b14,cartoon,3,random,11,photo__block_01|photo__block_02|sketch__block_02,1773,0.6586132219110798,0.6370907641356676,0.033782404308766764,156,10,0,163
pacs,dinov2_b14,cartoon,3,random,12,photo__block_03|sketch__block_00|sketch__block_01,2435,0.6512851460901244,0.6370907641356676,0.022279999575436017,130,10,0,115
pacs,dinov2_b14,cartoon,3,random,13,art_painting__block_01|sketch__block_00|sketch__block_02,2517,0.6495979284634246,0.6370907641356676,0.019631683634160516,115,10,0,4
pacs,dinov2_b14,cartoon,3,random,14,art_painting__block_02|art_painting__block_03|sketch__block_02,1983,0.6465838847813808,0.6370907641356676,0.014900734997457499,94,10,0,46
pacs,dinov2_b14,cartoon,3,random,15,art_painting__block_03|photo__block_01|photo__block_02,1329,0.6817657476621999,0.6370907641356676,0.07012342046292613,198,10,0,211
pacs,dinov2_b14,cartoon,3,random,16,art_painting__block_01|art_painting__block_03|sketch__block_00,2073,0.6455791521817855,0.6370907641356676,0.013323671482875816,82,10,0,24
pacs,dinov2_b14,cartoon,3,random,17,art_painting__block_03|photo__block_01|photo__block_03,1361,0.6812854403307234,0.6370907641356676,0.06936951323570686,194,10,0,204
pacs,dinov2_b14,cartoon,3,random,18,sketch__block_00|sketch__block_01|sketch__block_03,2966,0.6661899169664635,0.6370907641356676,0.04567505050912851,162,10,0,139
pacs,dinov2_b14,cartoon,3,random,19,art_painting__block_02|sketch__block_00|sketch__block_02,2496,0.6517014271227582,0.6370907641356676,0.02293340887920856,138,10,0,16
pacs,dinov2_b14,cartoon,3,second_moment_mmd,-1,art_painting__block_01|photo__block_00|sketch__block_03,1913,0.6383692677550123,0.6370907641356676,0.0020067841056828264,6,10,1,62
pacs,dinov2_b14,cartoon,3,size,-1,sketch__block_00|sketch__block_01|sketch__block_02,2971,0.6710490967311572,0.6370907641356676,0.05330218943223961,166,10,0,137
pacs,dinov2_b14,cartoon,3,spectrum_rank_l,-1,art_painting__block_02|photo__block_02|sketch__block_02,1859,0.6465545454291477,0.6370907641356676,0.014854682921544966,93,10,0,111
pacs,dinov2_b14,cartoon,3,target_a,-1,art_painting__block_00|sketch__block_00|sketch__block_01,2514,0.6468183468347211,0.6370907641356676,0.01526875485669734,98,10,0,2
pacs,dinov2_b14,cartoon,3,target_energy,-1,sketch__block_00|sketch__block_01|sketch__block_03,2966,0.6661899169664635,0.6370907641356676,0.04567505050912851,162,10,0,139
pacs,dinov2_b14,cartoon,5,bayesian_d,-1,art_painting__block_01|art_painting__block_02|art_painting__block_03|photo__block_00|sketch__block_00,3007,0.641587311560023,0.6330078267079963,0.013553520967734309,452,10,0,260
pacs,dinov2_b14,cartoon,5,collapse_4s,-1,art_painting__block_01|art_painting__block_02|art_painting__block_03|sketch__block_00|sketch__block_01,3550,0.6420062499515776,0.6330078267079963,0.014215342787115788,487,10,0,23
pacs,dinov2_b14,cartoon,5,domain_balance,-1,art_painting__block_01|art_painting__block_03|photo__block_00|sketch__block_00|sketch__block_01,3482,0.6377730396787729,0.6330078267079963,0.007527889497920475,126,10,0,7
pacs,dinov2_b14,cartoon,5,dpp_subspace,-1,art_painting__block_01|art_painting__block_02|art_painting__block_03|photo__block_00|sketch__block_00,3007,0.641587311560023,0.6330078267079963,0.013553520967734309,452,10,0,260
pacs,dinov2_b14,cartoon,5,effective_rank,-1,art_painting__block_00|art_painting__block_02|art_painting__block_03|photo__block_00|sketch__block_00,2991,0.642567555596244,0.6330078267079963,0.01510207059834286,534,10,0,268
pacs,dinov2_b14,cartoon,5,facility_subspace,-1,art_painting__block_01|art_painting__block_02|photo__block_00|photo__block_01|sketch__block_00,2903,0.6443024126421697,0.6330078267079963,0.01784272714748529,624,10,0,505
pacs,dinov2_b14,cartoon,5,kcenter_subspace,-1,art_painting__block_02|photo__block_01|photo__block_02|photo__block_03|sketch__block_00,2770,0.6478205246516143,0.6330078267079963,0.023400497306095856,695,10,0,702
pacs,dinov2_b14,cartoon,5,random,0,art_painting__block_00|art_painting__block_02|photo__block_00|photo__block_03|sketch__block_02,2830,0.6441521986981242,0.6330078267079963,0.01760542527267805,620,10,0,504
pacs,dinov2_b14,cartoon,5,random,1,art_painting__block_00|art_painting__block_01|photo__block_01|sketch__block_00|sketch__block_01,3451,0.6393764785346375,0.6330078267079963,0.010060936939377037,267,10,0,96
pacs,dinov2_b14,cartoon,5,random,2,art_painting__block_00|art_painting__block_02|photo__block_02|sketch__block_00|sketch__block_03,3392,0.638654962109115,0.6330078267079963,0.008921114657439643,212,10,0,168
pacs,dinov2_b14,cartoon,5,random,3,art_painting__block_02|photo__block_01|photo__block_02|sketch__block_00|sketch__block_03,3301,0.640599921124566,0.6330078267079963,0.011993681746484814,380,10,0,467
pacs,dinov2_b14,cartoon,5,random,4,art_painting__block_00|art_painting__block_01|art_painting__block_03|photo__block_01|photo__block_03,2389,0.6696301738750725,0.6330078267079963,0.05785449345473886,744,10,0,743
pacs,dinov2_b14,cartoon,5,random,5,art_painting__block_00|photo__block_00|photo__block_03|sketch__block_00|sketch__block_02,3361,0.643399798054556,0.6330078267079963,0.016416813360119086,574,10,0,291
pacs,dinov2_b14,cartoon,5,random,6,art_painting__block_02|art_painting__block_03|photo__block_01|sketch__block_01|sketch__block_03,3369,0.6359436321202147,0.6330078267079963,0.004637865897308499,30,10,0,208
pacs,dinov2_b14,cartoon,5,random,7,art_painting__block_01|art_painting__block_03|photo__block_03|sketch__block_01|sketch__block_03,3402,0.6330078267079963,0.6330078267079963,0.0,1,10,1,88
pacs,dinov2_b14,cartoon,5,random,8,art_painting__block_02|photo__block_00|photo__block_01|photo__block_02|sketch__block_03,2702,0.6416623127394461,0.6330078267079963,0.013672004778294914,460,10,0,707
pacs,dinov2_b14,cartoon,5,random,9,art_painting__block_02|photo__block_02|sketch__block_01|sketch__block_02|sketch__block_03,3793,0.6404435263565473,0.6330078267079963,0.011746615657536126,362,10,0,256
pacs,dinov2_b14,cartoon,5,random,10,art_painting__block_00|art_painting__block_02|photo__block_00|sketch__block_02|sketch__block_03,3361,0.6388202001793324,0.6330078267079963,0.00918215103526254,225,10,0,93
pacs,dinov2_b14,cartoon,5,random,11,art_painting__block_03|photo__block_01|photo__block_02|sketch__block_02|sketch__block_03,3250,0.638367997414737,0.6330078267079963,0.008467779513275113,176,10,0,469
pacs,dinov2_b14,cartoon,5,random,12,art_painting__block_01|art_painting__block_03|photo__block_03|sketch__block_00|sketch__block_01,3476,0.6369494022830546,0.6330078267079963,0.0062267406637873945,80,10,0,24
pacs,dinov2_b14,cartoon,5,random,13,art_painting__block_01|photo__block_01|sketch__block_00|sketch__block_02|sketch__block_03,3890,0.6407503977001145,0.6330078267079963,0.012231398515851045,399,10,0,226
pacs,dinov2_b14,cartoon,5,random,14,art_painting__block_02|art_painting__block_03|photo__block_01|photo__block_03|sketch__block_02,2825,0.6433479196671367,0.6330078267079963,0.016334857995223873,569,10,0,586
pacs,dinov2_b14,cartoon,5,random,15,art_painting__block_00|art_painting__block_02|art_painting__block_03|photo__block_01|photo__block_02,2336,0.6714201382175748,0.6330078267079963,0.06068220626804036,757,10,0,764
pacs,dinov2_b14,cartoon,5,random,16,art_painting__block_00|art_painting__block_01|art_painting__block_03|photo__block_02|sketch__block_00,2974,0.6406175080042613,0.6330078267079963,0.012021464783207744,384,10,0,312
pacs,dinov2_b14,cartoon,5,random,17,art_painting__block_00|art_painting__block_03|photo__block_01|photo__block_02|photo__block_03,2262,0.6745991658964242,0.6330078267079963,0.0657043048025595,769,10,0,780
pacs,dinov2_b14,cartoon,5,random,18,art_painting__block_00|art_painting__block_02|sketch__block_00|sketch__block_01|sketch__block_03,3973,0.6430320267848425,0.6330078267079963,0.01583582327722206,559,10,0,77
pacs,dinov2_b14,cartoon,5,random,19,art_painting__block_00|art_painting__block_02|photo__block_02|sketch__block_00|sketch__block_02,3397,0.6426403961268815,0.6330078267079963,0.0152171411038946,537,10,0,154
pacs,dinov2_b14,cartoon,5,second_moment_mmd,-1,art_painting__block_00|art_painting__block_01|photo__block_00|sketch__block_02|sketch__block_03,3382,0.6370084884685461,0.6330078267079963,0.006320082614705637,84,10,0,63
pacs,dinov2_b14,cartoon,5,size,-1,art_painting__block_01|sketch__block_00|sketch__block_01|sketch__block_02|sketch__block_03,4451,0.6463473885315912,0.6330078267079963,0.02107329682315042,670,10,0,306
pacs,dinov2_b14,cartoon,5,spectrum_rank_l,-1,art_painting__block_02|art_painting__block_03|photo__block_01|photo__block_02|sketch__block_02,2793,0.643348537364942,0.6330078267079963,0.01633583380907528,570,10,0,615
pacs,dinov2_b14,cartoon,5,target_a,-1,art_painting__block_00|art_painting__block_01|art_painting__block_03|sketch__block_00|sketch__block_01,3555,0.6406775507171624,0.6330078267079963,0.012116317817195191,392,10,0,1
pacs,dinov2_b14,cartoon,5,target_energy,-1,art_painting__block_01|sketch__block_00|sketch__block_01|sketch__block_02|sketch__block_03,4451,0.6463473885315912,0.6330078267079963,0.02107329682315042,670,10,0,306
pacs,dinov2_b14,photo,1,bayesian_d,-1,art_painting__block_03,519,0.6981593042299146,0.688689499294452,0.013750470923637117,4,10,1,4
pacs,dinov2_b14,photo,1,collapse_4s,-1,sketch__block_00,1032,0.7639436279450235,0.688689499294452,0.10927149132906447,12,10,0,9
pacs,dinov2_b14,photo,1,domain_balance,-1,sketch__block_00,1032,0.7639436279450235,0.688689499294452,0.10927149132906447,12,10,0,9
pacs,dinov2_b14,photo,1,dpp_subspace,-1,sketch__block_00,1032,0.7639436279450235,0.688689499294452,0.10927149132906447,12,10,0,9
pacs,dinov2_b14,photo,1,effective_rank,-1,sketch__block_00,1032,0.7639436279450235,0.688689499294452,0.10927149132906447,12,10,0,9
pacs,dinov2_b14,photo,1,facility_subspace,-1,sketch__block_00,1032,0.7639436279450235,0.688689499294452,0.10927149132906447,12,10,0,9
pacs,dinov2_b14,photo,1,kcenter_subspace,-1,sketch__block_00,1032,0.7639436279450235,0.688689499294452,0.10927149132906447,12,10,0,9
pacs,dinov2_b14,photo,1,random,0,art_painting__block_01,522,0.6897953987679691,0.688689499294452,0.0016058027233609726,2,10,1,2
pacs,dinov2_b14,photo,1,random,1,art_painting__block_01,522,0.6897953987679691,0.688689499294452,0.0016058027233609726,2,10,1,2
pacs,dinov2_b14,photo,1,random,2,art_painting__block_02,501,0.6922213344028604,0.688689499294452,0.005128341744758223,3,10,1,3
pacs,dinov2_b14,photo,1,random,3,sketch__block_02,963,0.7581222975691838,0.688689499294452,0.10081872650282059,10,10,1,11
pacs,dinov2_b14,photo,1,random,4,sketch__block_02,963,0.7581222975691838,0.688689499294452,0.10081872650282059,10,10,1,11
pacs,dinov2_b14,photo,1,random,5,sketch__block_01,976,0.7600621759845977,0.688689499294452,0.10363549431676466,11,10,0,10
pacs,dinov2_b14,photo,1,random,6,cartoon__block_02,584,0.7185716944058379,0.688689499294452,0.0433899386327214,5,10,1,6
pacs,dinov2_b14,photo,1,random,7,sketch__block_00,1032,0.7639436279450235,0.688689499294452,0.10927149132906447,12,10,0,9
pacs,dinov2_b14,photo,1,random,8,art_painting__block_01,522,0.6897953987679691,0.688689499294452,0.0016058027233609726,2,10,1,2
pacs,dinov2_b14,photo,1,random,9,cartoon__block_02,584,0.7185716944058379,0.688689499294452,0.0433899386327214,5,10,1,6
pacs,dinov2_b14,photo,1,random,10,sketch__block_01,976,0.7600621759845977,0.688689499294452,0.10363549431676466,11,10,0,10
pacs,dinov2_b14,photo,1,random,11,art_painting__block_03,519,0.6981593042299146,0.688689499294452,0.013750470923637117,4,10,1,4
pacs,dinov2_b14,photo,1,random,12,art_painting__block_02,501,0.6922213344028604,0.688689499294452,0.005128341744758223,3,10,1,3
pacs,dinov2_b14,photo,1,random,13,cartoon__block_01,569,0.719898809511685,0.688689499294452,0.0453169537929738,6,10,1,8
pacs,dinov2_b14,photo,1,random,14,cartoon__block_00,596,0.7252726345325431,0.688689499294452,0.053119925997956625,7,10,1,7
pacs,dinov2_b14,photo,1,random,15,art_painting__block_00,506,0.688689499294452,0.688689499294452,0.0,1,10,1,1
pacs,dinov2_b14,photo,1,random,16,cartoon__block_00,596,0.7252726345325431,0.688689499294452,0.053119925997956625,7,10,1,7
pacs,dinov2_b14,photo,1,random,17,sketch__block_00,1032,0.7639436279450235,0.688689499294452,0.10927149132906447,12,10,0,9
pacs,dinov2_b14,photo,1,random,18,sketch__block_01,976,0.7600621759845977,0.688689499294452,0.10363549431676466,11,10,0,10
pacs,dinov2_b14,photo,1,random,19,cartoon__block_02,584,0.7185716944058379,0.688689499294452,0.0433899386327214,5,10,1,6
pacs,dinov2_b14,photo,1,second_moment_mmd,-1,art_painting__block_00,506,0.688689499294452,0.688689499294452,0.0,1,10,1,1
pacs,dinov2_b14,photo,1,size,-1,sketch__block_00,1032,0.7639436279450235,0.688689499294452,0.10927149132906447,12,10,0,9
pacs,dinov2_b14,photo,1,spectrum_rank_l,-1,art_painting__block_02,501,0.6922213344028604,0.688689499294452,0.005128341744758223,3,10,1,3
pacs,dinov2_b14,photo,1,target_a,-1,art_painting__block_00,506,0.688689499294452,0.688689499294452,0.0,1,10,1,1
pacs,dinov2_b14,photo,1,target_energy,-1,sketch__block_00,1032,0.7639436279450235,0.688689499294452,0.10927149132906447,12,10,0,9
pacs,dinov2_b14,photo,3,bayesian_d,-1,art_painting__block_01|art_painting__block_03|sketch__block_00,2073,0.6889858406565394,0.6662707707101914,0.03409285075215838,125,10,0,38
pacs,dinov2_b14,photo,3,collapse_4s,-1,art_painting__block_01|art_painting__block_03|sketch__block_00,2073,0.6889858406565394,0.6662707707101914,0.03409285075215838,125,10,0,38
pacs,dinov2_b14,photo,3,domain_balance,-1,art_painting__block_01|cartoon__block_00|sketch__block_00,2150,0.6854721791813051,0.6662707707101914,0.02881922682972655,100,10,0,86
pacs,dinov2_b14,photo,3,dpp_subspace,-1,art_painting__block_01|cartoon__block_00|sketch__block_00,2150,0.6854721791813051,0.6662707707101914,0.02881922682972655,100,10,0,86
pacs,dinov2_b14,photo,3,effective_rank,-1,art_painting__block_02|art_painting__block_03|sketch__block_00,2052,0.6871504612456173,0.6662707707101914,0.031338145770930116,117,10,0,27
pacs,dinov2_b14,photo,3,facility_subspace,-1,art_painting__block_03|cartoon__block_03|sketch__block_00,2146,0.6935565286202434,0.6662707707101914,0.04095295652992194,140,10,0,67
pacs,dinov2_b14,photo,3,kcenter_subspace,-1,art_painting__block_02|cartoon__block_03|sketch__block_00,2128,0.6903266566329023,0.6662707707101914,0.03610526977953611,130,10,0,54
pacs,dinov2_b14,photo,3,random,0,art_painting__block_01|art_painting__block_03|cartoon__block_01,1610,0.6741914268733802,0.6662707707101914,0.011888043887541451,22,10,0,49
pacs,dinov2_b14,photo,3,random,1,art_painting__block_01|cartoon__block_02|sketch__block_01,2082,0.6846775011957066,0.6662707707101914,0.027626501558660782,94,10,0,91
pacs,dinov2_b14,photo,3,random,2,art_painting__block_02|cartoon__block_02|sketch__block_01,2061,0.6855937348008703,0.6662707707101914,0.02900166860101363,101,10,0,78
pacs,dinov2_b14,photo,3,random,3,cartoon__block_00|sketch__block_02|sketch__block_03,2517,0.7204622288003603,0.6662707707101914,0.08133548772131356,191,10,0,216
pacs,dinov2_b14,photo,3,random,4,art_painting__block_03|sketch__block_02|sketch__block_03,2440,0.6995921995531331,0.6662707707101914,0.05001184249374137,156,10,0,164
pacs,dinov2_b14,photo,3,random,5,art_painting__block_01|cartoon__block_00|sketch__block_01,2094,0.6860171974689012,0.6662707707101914,0.02963724003330019,106,10,0,98
pacs,dinov2_b14,photo,3,random,6,art_painting__block_00|art_painting__block_01|cartoon__block_02,1612,0.6678710923743261,0.6662707707101914,0.0024019088552074594,4,10,1,19
pacs,dinov2_b14,photo,3,random,7,art_painting__block_03|cartoon__block_03|sketch__block_00,2146,0.6935565286202434,0.6662707707101914,0.04095295652992194,140,10,0,67
pacs,dinov2_b14,photo,3,random,8,art_painting__block_01|cartoon__block_02|cartoon__block_03,1701,0.6764777713672688,0.6662707707101914,0.015319598436229797,31,10,0,124
pacs,dinov2_b14,photo,3,random,9,art_painting__block_03|cartoon__block_02|sketch__block_02,2066,0.6883967237366216,0.6662707707101914,0.03320865029520323,122,10,0,119
pacs,dinov2_b14,photo,3,random,10,cartoon__block_02|sketch__block_01|sketch__block_02,2523,0.7240260686454681,0.6662707707101914,0.08668442392229551,201,10,0,209
pacs,dinov2_b14,photo,3,random,11,art_painting__block_01|art_painting__block_03|cartoon__block_02,1625,0.6737736059049214,0.6662707707101914,0.01126094003303286,19,10,0,46
pacs,dinov2_b14,photo,3,random,12,art_painting__block_02|cartoon__block_00|cartoon__block_01,1666,0.6788150064374431,0.6662707707101914,0.01882753420787252,48,10,0,135
pacs,dinov2_b14,photo,3,random,13,art_painting__block_01|cartoon__block_01|sketch__block_03,2049,0.6825692662694465,0.6662707707101914,0.02446227010961657,75,10,0,105
pacs,dinov2_b14,photo,3,random,14,cartoon__block_00|cartoon__block_01|sketch__block_02,2128,0.712267800764347,0.6662707707101914,0.06903654201298148,173,10,0,187
pacs,dinov2_b14,photo,3,random,15,art_painting__block_00|art_painting__block_02|art_painting__block_03,1526,0.6735022017089958,0.6662707707101914,0.010853591837889398,17,10,0,2
pacs,dinov2_b14,photo,3,random,16,cartoon__block_00|cartoon__block_01|sketch__block_00,2197,0.7176412597779396,0.6662707707101914,0.0771015198715552,185,10,0,176
pacs,dinov2_b14,photo,3,random,17,cartoon__block_01|sketch__block_00|sketch__block_02,2564,0.7264628610282116,0.6662707707101914,0.09034178439774604,207,10,0,204
pacs,dinov2_b14,photo,3,random,18,cartoon__block_01|sketch__block_00|sketch__block_01,2577,0.7295173700425328,0.6662707707101914,0.09492627038842726,212,10,0,199
pacs,dinov2_b14,photo,3,random,19,cartoon__block_01|cartoon__block_02|sketch__block_02,2116,0.7097922998833132,0.6662707707101914,0.06532108428939683,167,10,0,182
pacs,dinov2_b14,photo,3,second_moment_mmd,-1,art_painting__block_00|art_painting__block_02|art_painting__block_03,1526,0.6735022017089958,0.6662707707101914,0.010853591837889398,17,10,0,2
pacs,dinov2_b14,photo,3,size,-1,sketch__block_00|sketch__block_01|sketch__block_02,2971,0.7653645034279976,0.6662707707101914,0.14872892084426906,220,10,0,217
pacs,dinov2_b14,photo,3,spectrum_rank_l,-1,art_painting__block_02|cartoon__block_01|sketch__block_02,2033,0.6825466712715356,0.6662707707101914,0.024428357473937203,74,10,0,93
pacs,dinov2_b14,photo,3,target_a,-1,art_painting__block_00|art_painting__block_01|art_painting__block_02,1529,0.668131739373055,0.6662707707101914,0.002793111666717763,7,10,1,1
pacs,dinov2_b14,photo,3,target_energy,-1,sketch__block_00|sketch__block_01|sketch__block_03,2966,0.7623270144467277,0.6662707707101914,0.14416998007303855,219,10,0,218
pacs,dinov2_b14,photo,5,bayesian_d,-1,art_painting__block_00|art_painting__block_01|art_painting__block_02|art_painting__block_03|sketch__block_00,3080,0.6718833360271317,0.6599504833519059,0.018081436374769423,136,10,0,1
pacs,dinov2_b14,photo,5,collapse_4s,-1,art_painting__block_01|art_painting__block_03|cartoon__block_00|sketch__block_00|sketch__block_01,3645,0.6850029541768242,0.6599504833519059,0.03796113717149837,556,10,0,387
pacs,dinov2_b14,photo,5,domain_balance,-1,art_painting__block_01|cartoon__block_00|cartoon__block_03|sketch__block_00|sketch__block_01,3721,0.6891756233579376,0.6599504833519059,0.044283837565504094,652,10,0,537
pacs,dinov2_b14,photo,5,dpp_subspace,-1,art_painting__block_01|art_painting__block_03|cartoon__block_00|cartoon__block_02|sketch__block_00,3253,0.678060604665784,0.6599504833519059,0.027441636563240838,328,10,0,287
pacs,dinov2_b14,photo,5,effective_rank,-1,art_painting__block_00|art_painting__block_01|art_painting__block_02|art_painting__block_03|sketch__block_00,3080,0.6718833360271317,0.6599504833519059,0.018081436374769423,136,10,0,1
pacs,dinov2_b14,photo,5,facility_subspace,-1,art_painting__block_00|art_painting__block_02|art_painting__block_03|cartoon__block_03|sketch__block_00,3153,0.6736685521112314,0.6599504833519059,0.020786512178385175,182,10,0,11
pacs,dinov2_b14,photo,5,kcenter_subspace,-1,art_painting__block_00|art_painting__block_02|art_painting__block_03|cartoon__block_03|sketch__block_00,3153,0.6736685521112314,0.6599504833519059,0.020786512178385175,182,10,0,11
pacs,dinov2_b14,photo,5,random,0,art_painting__block_01|art_painting__block_03|cartoon__block_01|cartoon__block_03|sketch__block_03,3163,0.6756990061226019,0.6599504833519059,0.0238631884784884,249,10,0,313
pacs,dinov2_b14,photo,5,random,1,art_painting__block_01|cartoon__block_02|cartoon__block_03|sketch__block_01|sketch__block_02,3640,0.6849623160044517,0.6599504833519059,0.037899559563181244,555,10,0,575
pacs,dinov2_b14,photo,5,random,2,art_painting__block_02|cartoon__block_02|sketch__block_00|sketch__block_01|sketch__block_02,4056,0.6911308404607859,0.6599504833519059,0.04724650999649876,687,10,0,687
pacs,dinov2_b14,photo,5,random,3,art_painting__block_01|cartoon__block_00|cartoon__block_02|sketch__block_02|sketch__block_03,3623,0.6804173932332696,0.6599504833519059,0.031012796259215856,403,10,0,659
pacs,dinov2_b14,photo,5,random,4,art_painting__block_00|art_painting__block_03|cartoon__block_00|sketch__block_02|sketch__block_03,3542,0.6784997322411456,0.6599504833519059,0.028107031295783853,342,10,0,391
pacs,dinov2_b14,photo,5,random,5,art_painting__block_01|art_painting__block_02|cartoon__block_00|sketch__block_00|sketch__block_01,3627,0.6789701584573188,0.6599504833519059,0.02881985176950168,358,10,0,312
pacs,dinov2_b14,photo,5,random,6,art_painting__block_00|art_painting__block_01|cartoon__block_02|sketch__block_00|sketch__block_02,3607,0.6761036944393432,0.6599504833519059,0.024476398600990025,263,10,0,261
pacs,dinov2_b14,photo,5,random,7,art_painting__block_03|cartoon__block_00|cartoon__block_03|sketch__block_00|sketch__block_01,3718,0.6947402800307442,0.6599504833519059,0.05271576816209,722,10,0,577
pacs,dinov2_b14,photo,5,random,8,art_painting__block_01|art_painting__block_02|cartoon__block_02|cartoon__block_03|sketch__block_02,3165,0.6701505277664231,0.6599504833519059,0.015455772322055103,96,10,0,175
pacs,dinov2_b14,photo,5,random,9,art_painting__block_02|art_painting__block_03|cartoon__block_02|sketch__block_00|sketch__block_02,3599,0.6803364425895728,0.6599504833519059,0.03089013456604521,398,10,0,357
pacs,dinov2_b14,photo,5,random,10,art_painting__block_00|cartoon__block_00|cartoon__block_02|sketch__block_01|sketch__block_02,3625,0.6850370609601206,0.6599504833519059,0.03801281799325211,558,10,0,546
pacs,dinov2_b14,photo,5,random,11,art_painting__block_01|art_painting__block_03|cartoon__block_00|cartoon__block_02|sketch__block_01,3197,0.6794963364207348,0.6599504833519059,0.029617150925558902,376,10,0,331
pacs,dinov2_b14,photo,5,random,12,art_painting__block_02|cartoon__block_00|cartoon__block_01|cartoon__block_02|sketch__block_01,3226,0.6822024838695566,0.6599504833519059,0.03371768197612684,458,10,0,528
pacs,dinov2_b14,photo,5,random,13,art_painting__block_01|cartoon__block_01|cartoon__block_03|sketch__block_02|sketch__block_03,3607,0.6837294180705021,0.6599504833519059,0.03603139223085713,510,10,0,625
pacs,dinov2_b14,photo,5,random,14,cartoon__block_00|cartoon__block_01|cartoon__block_03|sketch__block_02|sketch__block_03,3681,0.7128730214645221,0.6599504833519059,0.0801916802057956,746,10,0,764
pacs,dinov2_b14,photo,5,random,15,art_painting__block_00|art_painting__block_02|art_painting__block_03|cartoon__block_00|cartoon__block_01,2691,0.6657565692342142,0.6599504833519059,0.008797759875588076,24,10,0,97
pacs,dinov2_b14,photo,5,random,16,art_painting__block_02|art_painting__block_03|cartoon__block_00|cartoon__block_01|sketch__block_00,3217,0.6766366778397759,0.6599504833519059,0.025284009798917623,277,10,0,241
pacs,dinov2_b14,photo,5,random,17,cartoon__block_00|cartoon__block_01|sketch__block_00|sketch__block_01|sketch__block_02,4136,0.7223420299883596,0.6599504833519059,0.0945397392840224,782,10,0,781
pacs,dinov2_b14,photo,5,random,18,art_painting__block_03|cartoon__block_01|cartoon__block_03|sketch__block_00|sketch__block_01,3691,0.6941682267702113,0.6599504833519059,0.05184895576485162,718,10,0,560
pacs,dinov2_b14,photo,5,random,19,art_painting__block_00|art_painting__block_03|cartoon__block_01|cartoon__block_02|sketch__block_02,3141,0.6749355957591349,0.6599504833519059,0.02270641932273345,224,10,0,242
pacs,dinov2_b14,photo,5,second_moment_mmd,-1,art_painting__block_00|art_painting__block_01|art_painting__block_02|art_painting__block_03|cartoon__block_03,2643,0.663837774013186,0.6599504833519059,0.005890276254570613,13,10,0,3
pacs,dinov2_b14,photo,5,size,-1,cartoon__block_00|sketch__block_00|sketch__block_01|sketch__block_02|sketch__block_03,4525,0.7290170897553949,0.6599504833519059,0.10465422504533664,790,10,0,792
pacs,dinov2_b14,photo,5,spectrum_rank_l,-1,art_painting__block_01|art_painting__block_02|art_painting__block_03|cartoon__block_01|sketch__block_02,3074,0.6690114030502912,0.6599504833519059,0.013729696283219076,74,10,0,70
pacs,dinov2_b14,photo,5,target_a,-1,art_painting__block_00|art_painting__block_01|art_painting__block_02|art_painting__block_03|sketch__block_00,3080,0.6718833360271317,0.6599504833519059,0.018081436374769423,136,10,0,1
pacs,dinov2_b14,photo,5,target_energy,-1,art_painting__block_01|sketch__block_00|sketch__block_01|sketch__block_02|sketch__block_03,4451,0.7029933059855397,0.6599504833519059,0.06522129117175302,735,10,0,735
pacs,dinov2_b14,sketch,1,bayesian_d,-1,art_painting__block_03,519,0.6934551526501239,0.6855344183572573,0.011554101560425042,5,10,1,5
pacs,dinov2_b14,sketch,1,collapse_4s,-1,art_painting__block_03,519,0.6934551526501239,0.6855344183572573,0.011554101560425042,5,10,1,5
pacs,dinov2_b14,sketch,1,domain_balance,-1,cartoon__block_00,596,0.6895637578070554,0.6855344183572573,0.005877661780211699,4,10,1,3
pacs,dinov2_b14,sketch,1,dpp_subspace,-1,art_painting__block_03,519,0.6934551526501239,0.6855344183572573,0.011554101560425042,5,10,1,5
pacs,dinov2_b14,sketch,1,effective_rank,-1,art_painting__block_03,519,0.6934551526501239,0.6855344183572573,0.011554101560425042,5,10,1,5
pacs,dinov2_b14,sketch,1,facility_subspace,-1,art_painting__block_01,522,0.7008730168474495,0.6855344183572573,0.022374658484614184,7,10,1,6
pacs,dinov2_b14,sketch,1,kcenter_subspace,-1,art_painting__block_03,519,0.6934551526501239,0.6855344183572573,0.011554101560425042,5,10,1,5
pacs,dinov2_b14,sketch,1,random,0,photo__block_01,415,0.7398857929145574,0.6855344183572573,0.07928321773769147,9,10,1,11
pacs,dinov2_b14,sketch,1,random,1,photo__block_00,433,0.7419933014440033,0.6855344183572573,0.08235747407407816,10,10,1,10
pacs,dinov2_b14,sketch,1,random,2,photo__block_03,427,0.7459917904542983,0.6855344183572573,0.08819013382568705,11,10,0,9
pacs,dinov2_b14,sketch,1,random,3,cartoon__block_00,596,0.6895637578070554,0.6855344183572573,0.005877661780211699,4,10,1,3
pacs,dinov2_b14,sketch,1,random,4,art_painting__block_03,519,0.6934551526501239,0.6855344183572573,0.011554101560425042,5,10,1,5
pacs,dinov2_b14,sketch,1,random,5,photo__block_01,415,0.7398857929145574,0.6855344183572573,0.07928321773769147,9,10,1,11
pacs,dinov2_b14,sketch,1,random,6,photo__block_00,433,0.7419933014440033,0.6855344183572573,0.08235747407407816,10,10,1,10
pacs,dinov2_b14,sketch,1,random,7,photo__block_03,427,0.7459917904542983,0.6855344183572573,0.08819013382568705,11,10,0,9
pacs,dinov2_b14,sketch,1,random,8,cartoon__block_03,595,0.6889184835073725,0.6855344183572573,0.0049363898580387314,3,10,1,1
pacs,dinov2_b14,sketch,1,random,9,cartoon__block_03,595,0.6889184835073725,0.6855344183572573,0.0049363898580387314,3,10,1,1
pacs,dinov2_b14,sketch,1,random,10,photo__block_02,395,0.7471474522834681,0.6855344183572573,0.08987591618500189,12,10,0,12
pacs,dinov2_b14,sketch,1,random,11,art_painting__block_03,519,0.6934551526501239,0.6855344183572573,0.011554101560425042,5,10,1,5
pacs,dinov2_b14,sketch,1,random,12,cartoon__block_02,584,0.6882921332128242,0.6855344183572573,0.004022722684260363,2,10,1,4
pacs,dinov2_b14,sketch,1,random,13,cartoon__block_01,569,0.6855344183572573,0.6855344183572573,0.0,1,10,1,2
pacs,dinov2_b14,sketch,1,random,14,cartoon__block_02,584,0.6882921332128242,0.6855344183572573,0.004022722684260363,2,10,1,4
pacs,dinov2_b14,sketch,1,random,15,art_painting__block_00,506,0.6983738092762486,0.6855344183572573,0.01872902450289557,6,10,1,7
pacs,dinov2_b14,sketch,1,random,16,photo__block_00,433,0.7419933014440033,0.6855344183572573,0.08235747407407816,10,10,1,10
pacs,dinov2_b14,sketch,1,random,17,art_painting__block_00,506,0.6983738092762486,0.6855344183572573,0.01872902450289557,6,10,1,7
pacs,dinov2_b14,sketch,1,random,18,cartoon__block_01,569,0.6855344183572573,0.6855344183572573,0.0,1,10,1,2
pacs,dinov2_b14,sketch,1,random,19,photo__block_00,433,0.7419933014440033,0.6855344183572573,0.08235747407407816,10,10,1,10
pacs,dinov2_b14,sketch,1,second_moment_mmd,-1,cartoon__block_03,595,0.6889184835073725,0.6855344183572573,0.0049363898580387314,3,10,1,1
pacs,dinov2_b14,sketch,1,size,-1,cartoon__block_00,596,0.6895637578070554,0.6855344183572573,0.005877661780211699,4,10,1,3
pacs,dinov2_b14,sketch,1,spectrum_rank_l,-1,art_painting__block_02,501,0.7020823453541698,0.6855344183572573,0.02413872528321227,8,10,1,8
pacs,dinov2_b14,sketch,1,target_a,-1,cartoon__block_03,595,0.6889184835073725,0.6855344183572573,0.0049363898580387314,3,10,1,1
pacs,dinov2_b14,sketch,1,target_energy,-1,cartoon__block_00,596,0.6895637578070554,0.6855344183572573,0.005877661780211699,4,10,1,3
pacs,dinov2_b14,sketch,3,bayesian_d,-1,art_painting__block_01|art_painting__block_03|cartoon__block_02,1625,0.6707683388759499,0.6670337784933424,0.005598757518761425,25,10,0,48
pacs,dinov2_b14,sketch,3,collapse_4s,-1,art_painting__block_01|art_painting__block_03|cartoon__block_00,1637,0.6711563034703859,0.6670337784933424,0.006180384127405339,30,10,0,36
pacs,dinov2_b14,sketch,3,domain_balance,-1,art_painting__block_01|cartoon__block_00|photo__block_00,1551,0.6756821191017551,0.6670337784933424,0.01296537130090632,112,10,0,107
pacs,dinov2_b14,sketch,3,dpp_subspace,-1,art_painting__block_03|cartoon__block_00|photo__block_00,1548,0.6718217524452474,0.6670337784933424,0.007178008230287528,39,10,0,72
pacs,dinov2_b14,sketch,3,effective_rank,-1,art_painting__block_02|art_painting__block_03|photo__block_00,1453,0.68806379363905,0.6670337784933424,0.0315276614524814,180,10,0,181
pacs,dinov2_b14,sketch,3,facility_subspace,-1,art_painting__block_01|cartoon__block_03|photo__block_00,1550,0.6764884733108943,0.6670337784933424,0.014174236931310468,120,10,0,93
pacs,dinov2_b14,sketch,3,kcenter_subspace,-1,art_painting__block_03|cartoon__block_00|photo__block_02,1510,0.6715356821689595,0.6670337784933424,0.006749138980316308,36,10,0,116
pacs,dinov2_b14,sketch,3,random,0,art_painting__block_00|cartoon__block_03|photo__block_01,1516,0.6734404669801224,0.6670337784933424,0.009604743707659008,72,10,0,84
pacs,dinov2_b14,sketch,3,random,1,art_painting__block_02|photo__block_00|photo__block_03,1361,0.7001839964796496,0.6670337784933424,0.04969795991619035,216,10,0,211
pacs,dinov2_b14,sketch,3,random,2,art_painting__block_03|cartoon__block_00|photo__block_03,1542,0.6725935993779243,0.6670337784933424,0.008335141433376957,55,10,0,70
pacs,dinov2_b14,sketch,3,random,3,art_painting__block_02|cartoon__block_00|cartoon__block_01,1666,0.6725335402632006,0.6670337784933424,0.008245102342913816,53,10,0,9
pacs,dinov2_b14,sketch,3,random,4,art_painting__block_03|cartoon__block_00|photo__block_01,1530,0.6704522902889224,0.6670337784933424,0.005124945551185558,21,10,0,79
pacs,dinov2_b14,sketch,3,random,5,art_painting__block_00|photo__block_01|photo__block_03,1348,0.6943957921999386,0.6670337784933424,0.041020431931348265,201,10,0,206
pacs,dinov2_b14,sketch,3,random,6,cartoon__block_03|photo__block_00|photo__block_02,1423,0.680342773272756,0.6670337784933424,0.019952504968301907,158,10,0,151
pacs,dinov2_b14,sketch,3,random,7,art_painting__block_00|art_painting__block_03|photo__block_03,1452,0.6848548804757896,0.6670337784933424,0.026716940816251332,170,10,0,173
pacs,dinov2_b14,sketch,3,random,8,cartoon__block_00|cartoon__block_03|photo__block_02,1586,0.6774078185618189,0.6670337784933424,0.015552495844976106,131,10,0,89
pacs,dinov2_b14,sketch,3,random,9,art_painting__block_00|cartoon__block_03|photo__block_01,1516,0.6734404669801224,0.6670337784933424,0.009604743707659008,72,10,0,84
pacs,dinov2_b14,sketch,3,random,10,art_painting__block_01|cartoon__block_00|photo__block_02,1513,0.6752125208589064,0.6670337784933424,0.012261361612057492,101,10,0,135
pacs,dinov2_b14,sketch,3,random,11,art_painting__block_00|art_painting__block_03|photo__block_01,1440,0.6832049563975501,0.6670337784933424,0.024243416788778165,165,10,0,176
pacs,dinov2_b14,sketch,3,random,12,art_painting__block_01|art_painting__block_02|cartoon__block_02,1607,0.6739139796792147,0.6670337784933424,0.010314621849305585,81,10,0,52
pacs,dinov2_b14,sketch,3,random,13,art_painting__block_00|cartoon__block_01|photo__block_03,1502,0.6732613674162703,0.6670337784933424,0.009336242216989928,69,10,0,85
pacs,dinov2_b14,sketch,3,random,14,art_painting__block_03|cartoon__block_01|cartoon__block_02,1672,0.6690761656757109,0.6670337784933424,0.003061894686925323,8,10,1,4
pacs,dinov2_b14,sketch,3,random,15,art_painting__block_00|cartoon__block_01|cartoon__block_03,1670,0.6707060347095876,0.6670337784933424,0.0055053527042360564,23,10,0,6
pacs,dinov2_b14,sketch,3,random,16,art_painting__block_03|photo__block_00|photo__block_02,1347,0.6922873650108836,0.6670337784933424,0.037859531753523065,195,10,0,199
pacs,dinov2_b14,sketch,3,random,17,art_painting__block_00|art_painting__block_03|photo__block_02,1420,0.6841362135088852,0.6670337784933424,0.025639533659258994,168,10,0,182
pacs,dinov2_b14,sketch,3,random,18,cartoon__block_00|cartoon__block_01|cartoon__block_02,1749,0.6796890479202962,0.6670337784933424,0.018972456620620793,154,10,0,26
pacs,dinov2_b14,sketch,3,random,19,cartoon__block_02|photo__block_00|photo__block_03,1444,0.6803183344718903,0.6670337784933424,0.01991586694238217,156,10,0,154
pacs,dinov2_b14,sketch,3,second_moment_mmd,-1,art_painting__block_02|cartoon__block_00|cartoon__block_03,1692,0.6731282626214148,0.6670337784933424,0.009136694908971794,65,10,0,15
pacs,dinov2_b14,sketch,3,size,-1,cartoon__block_00|cartoon__block_02|cartoon__block_03,1775,0.6803318232204841,0.6670337784933424,0.019936088929676916,157,10,0,27
pacs,dinov2_b14,sketch,3,spectrum_rank_l,-1,art_painting__block_02|cartoon__block_02|photo__block_02,1480,0.6742418577497099,0.6670337784933424,0.01080616827628828,85,10,0,139
pacs,dinov2_b14,sketch,3,target_a,-1,art_painting__block_03|cartoon__block_01|cartoon__block_03,1683,0.6681756294625901,0.6670337784933424,0.0017118338022203753,4,10,1,2
pacs,dinov2_b14,sketch,3,target_energy,-1,cartoon__block_00|cartoon__block_02|cartoon__block_03,1775,0.6803318232204841,0.6670337784933424,0.019936088929676916,157,10,0,27
pacs,dinov2_b14,sketch,5,bayesian_d,-1,art_painting__block_01|art_painting__block_02|art_painting__block_03|cartoon__block_02|photo__block_00,2559,0.6704818262983466,0.6657329689624749,0.007133276489630171,342,10,0,463
pacs,dinov2_b14,sketch,5,collapse_4s,-1,art_painting__block_01|art_painting__block_02|art_painting__block_03|cartoon__block_00|cartoon__block_02,2722,0.6686948744897702,0.6657329689624749,0.004449089447847674,123,10,0,48
pacs,dinov2_b14,sketch,5,domain_balance,-1,art_painting__block_01|art_painting__block_03|cartoon__block_00|cartoon__block_03|photo__block_00,2665,0.6698426204863539,0.6657329689624749,0.006173123032022521,259,10,0,128
pacs,dinov2_b14,sketch,5,dpp_subspace,-1,art_painting__block_01|art_painting__block_03|cartoon__block_00|cartoon__block_02|photo__block_00,2654,0.6694707657976808,0.6657329689624749,0.005614558703666375,206,10,0,161
pacs,dinov2_b14,sketch,5,effective_rank,-1,art_painting__block_00|art_painting__block_01|art_painting__block_02|art_painting__block_03|photo__block_00,2481,0.683014918683463,0.6657329689624749,0.025959281764160593,745,10,0,738
pacs,dinov2_b14,sketch,5,facility_subspace,-1,art_painting__block_01|art_painting__block_02|cartoon__block_03|photo__block_00|photo__block_01,2466,0.6738344163499241,0.6657329689624749,0.012169214632820557,644,10,0,576
pacs,dinov2_b14,sketch,5,kcenter_subspace,-1,art_painting__block_03|cartoon__block_00|photo__block_01|photo__block_02|photo__block_03,2352,0.6716948984863511,0.6657329689624749,0.008955436791973345,474,10,0,684
pacs,dinov2_b14,sketch,5,random,0,art_painting__block_00|art_painting__block_01|art_painting__block_02|cartoon__block_03|photo__block_01,2539,0.6720144507696797,0.6657329689624749,0.009435437480277241,517,10,0,459
pacs,dinov2_b14,sketch,5,random,1,art_painting__block_01|art_painting__block_02|art_painting__block_03|photo__block_00|photo__block_03,2402,0.6866257168631406,0.6657329689624749,0.03138307530904827,766,10,0,746
pacs,dinov2_b14,sketch,5,random,2,art_painting__block_03|cartoon__block_00|cartoon__block_03|photo__block_00|photo__block_03,2570,0.6713850856571599,0.6657329689624749,0.00849006577441053,446,10,0,274
pacs,dinov2_b14,sketch,5,random,3,art_painting__block_01|art_painting__block_02|cartoon__block_00|cartoon__block_01|photo__block_01,2603,0.6700356191281078,0.6657329689624749,0.006463027018683584,280,10,0,178
pacs,dinov2_b14,sketch,5,random,4,art_painting__block_00|art_painting__block_03|cartoon__block_00|photo__block_01|photo__block_02,2431,0.6684387304016794,0.6657329689624749,0.004064334448422141,105,10,0,587
pacs,dinov2_b14,sketch,5,random,5,art_painting__block_00|art_painting__block_01|cartoon__block_02|photo__block_01|photo__block_03,2454,0.6723626853093623,0.6657329689624749,0.009958521893875222,544,10,0,609
pacs,dinov2_b14,sketch,5,random,6,cartoon__block_03|photo__block_00|photo__block_01|photo__block_02|photo__block_03,2265,0.6803523719050227,0.6657329689624749,0.021959860220430012,736,10,0,733
pacs,dinov2_b14,sketch,5,random,7,art_painting__block_00|art_painting__block_03|cartoon__block_01|cartoon__block_02|photo__block_03,2605,0.6679556713452043,0.6657329689624749,0.003338729620366233,68,10,0,134
pacs,dinov2_b14,sketch,5,random,8,art_painting__block_03|cartoon__block_00|cartoon__block_03|photo__block_01|photo__block_02,2520,0.6692980031370358,0.6657329689624749,0.005355051260442889,187,10,0,350
pacs,dinov2_b14,sketch,5,random,9,art_painting__block_00|art_painting__block_02|art_painting__block_03|cartoon__block_03|photo__block_01,2536,0.6691849110667097,0.6657329689624749,0.005185175235672312,173,10,0,379
pacs,dinov2_b14,sketch,5,random,10,art_painting__block_01|art_painting__block_02|cartoon__block_00|photo__block_01|photo__block_02,2429,0.672975788134376,0.6657329689624749,0.010879465956431118,583,10,0,630
pacs,dinov2_b14,sketch,5,random,11,art_painting__block_00|art_painting__block_02|art_painting__block_03|photo__block_01|photo__block_02,2336,0.6825085751037233,0.6657329689624749,0.025198701166013582,741,10,0,763
pacs,dinov2_b14,sketch,5,random,12,art_painting__block_01|art_painting__block_02|cartoon__block_02|cartoon__block_03|photo__block_03,2629,0.6730398259542801,0.6657329689624749,0.010975657406892048,587,10,0,223
pacs,dinov2_b14,sketch,5,random,13,art_painting__block_00|cartoon__block_01|photo__block_00|photo__block_02|photo__block_03,2330,0.6723847466342497,0.6657329689624749,0.009991660293077307,546,10,0,697
pacs,dinov2_b14,sketch,5,random,14,art_painting__block_01|art_painting__block_03|cartoon__block_00|cartoon__block_01|cartoon__block_02,2790,0.6687409298655662,0.6657329689624749,0.004518269401287303,128,10,0,5
pacs,dinov2_b14,sketch,5,random,15,art_painting__block_00|cartoon__block_00|cartoon__block_01|cartoon__block_03|photo__block_02,2661,0.6698631656573019,0.6657329689624749,0.006203984010681847,260,10,0,125
pacs,dinov2_b14,sketch,5,random,16,art_painting__block_00|art_painting__block_02|art_painting__block_03|photo__block_00|photo__block_02,2354,0.6837166818944875,0.6657329689624749,0.027013402926461195,749,10,0,761
pacs,dinov2_b14,sketch,5,random,17,art_painting__block_00|art_painting__block_02|art_painting__block_03|cartoon__block_02|photo__block_02,2505,0.6686349198451214,0.6657329689624749,0.004359031350316098,122,10,0,496
pacs,dinov2_b14,sketch,5,random,18,art_painting__block_00|art_painting__block_02|cartoon__block_00|cartoon__block_01|cartoon__block_02,2756,0.6695853662040586,0.6657329689624749,0.00578670040570103,230,10,0,18
pacs,dinov2_b14,sketch,5,random,19,art_painting__block_00|cartoon__block_02|photo__block_00|photo__block_01|photo__block_03,2365,0.6734826563120304,0.6657329689624749,0.011640834555081685,624,10,0,710
pacs,dinov2_b14,sketch,5,second_moment_mmd,-1,art_painting__block_02|art_painting__block_03|cartoon__block_00|cartoon__block_01|cartoon__block_03,2780,0.667272314410601,0.6657329689624749,0.002312256595200754,37,10,0,3
pacs,dinov2_b14,sketch,5,size,-1,art_painting__block_01|cartoon__block_00|cartoon__block_01|cartoon__block_02|cartoon__block_03,2866,0.6717547091266287,0.6657329689624749,0.009045278579996575,488,10,0,27
pacs,dinov2_b14,sketch,5,spectrum_rank_l,-1,art_painting__block_02|art_painting__block_03|cartoon__block_02|photo__block_01|photo__block_02,2414,0.6693970559747786,0.6657329689624749,0.005503838901074806,199,10,0,635
pacs,dinov2_b14,sketch,5,target_a,-1,art_painting__block_02|art_painting__block_03|cartoon__block_00|cartoon__block_01|cartoon__block_03,2780,0.667272314410601,0.6657329689624749,0.002312256595200754,37,10,0,3
pacs,dinov2_b14,sketch,5,target_energy,-1,art_painting__block_01|cartoon__block_00|cartoon__block_01|cartoon__block_02|cartoon__block_03,2866,0.6717547091266287,0.6657329689624749,0.009045278579996575,488,10,0,27
